x1,x2,x3,x4,x5,x6,x7,x8,x9,x10,x11,x12,x13,y,x1sq,x5sq,x6sq,x8sq,x11sq,x12sqrt,x13sq
0.00632,18,2.31,0,0.538,6.575,65.2,4.09,1,296,15.3,396.9,4.98,24,3.99424E-05,0.289444,43.230625,16.7281,234.09,19.9223492591,24.8004
0.02731,0,7.07,0,0.469,6.421,78.9,4.9671,2,242,17.8,396.9,9.14,21.6,0.0007458361,0.219961,41.229241,24.67208241,316.84,19.9223492591,83.5396
0.02729,0,7.07,0,0.469,7.185,61.1,4.9671,2,242,17.8,392.83,4.03,34.7,0.0007447441,0.219961,51.624225,24.67208241,316.84,19.819939455,16.2409
0.03237,0,2.18,0,0.458,6.998,45.8,6.0622,3,222,18.7,394.63,2.94,33.4,0.0010478169,0.209764,48.972004,36.75026884,349.69,19.8652963733,8.6436
0.06905,0,2.18,0,0.458,7.147,54.2,6.0622,3,222,18.7,396.9,5.33,36.2,0.0047679025,0.209764,51.079609,36.75026884,349.69,19.9223492591,28.4089
0.02985,0,2.18,0,0.458,6.43,58.7,6.0622,3,222,18.7,394.12,5.21,28.7,0.0008910225,0.209764,41.3449,36.75026884,349.69,19.8524557675,27.1441
0.08829,12.5,7.87,0,0.524,6.012,66.6,5.5605,5,311,15.2,395.6,12.43,22.9,0.0077951241,0.274576,36.144144,30.91916025,231.04,19.8896958247,154.5049
0.14455,12.5,7.87,0,0.524,6.172,96.1,5.9505,5,311,15.2,396.9,19.15,27.1,0.0208947025,0.274576,38.093584,35.40845025,231.04,19.9223492591,366.7225
0.21124,12.5,7.87,0,0.524,5.631,100,6.0821,5,311,15.2,386.63,29.93,16.5,0.0446223376,0.274576,31.708161,36.99194041,231.04,19.6629092456,895.8049
0.17004,12.5,7.87,0,0.524,6.004,85.9,6.5921,5,311,15.2,386.71,17.1,18.9,0.0289136016,0.274576,36.048016,43.45578241,231.04,19.6649434273,292.41
0.22489,12.5,7.87,0,0.524,6.377,94.3,6.3467,5,311,15.2,392.52,20.45,15,0.0505755121,0.274576,40.666129,40.28060089,231.04,19.8121175042,418.2025
0.11747,12.5,7.87,0,0.524,6.009,82.9,6.2267,5,311,15.2,396.9,13.27,18.9,0.0137992009,0.274576,36.108081,38.77179289,231.04,19.9223492591,176.0929
0.09378,12.5,7.87,0,0.524,5.889,39,5.4509,5,311,15.2,390.5,15.71,21.7,0.0087946884,0.274576,34.680321,29.71231081,231.04,19.7610728454,246.8041
0.62976,0,8.14,0,0.538,5.949,61.8,4.7075,4,307,21,396.9,8.26,20.4,0.3965976576,0.289444,35.390601,22.16055625,441,19.9223492591,68.2276
0.63796,0,8.14,0,0.538,6.096,84.5,4.4619,4,307,21,380.02,10.26,18.2,0.4069929616,0.289444,37.161216,19.90855161,441,19.494101672,105.2676
0.62739,0,8.14,0,0.538,5.834,56.5,4.4986,4,307,21,395.62,8.47,19.9,0.3936182121,0.289444,34.035556,20.23740196,441,19.8901985913,71.7409
1.05393,0,8.14,0,0.538,5.935,29.3,4.4986,4,307,21,386.85,6.58,23.1,1.1107684449,0.289444,35.224225,20.23740196,441,19.6685027392,43.2964
0.7842,0,8.14,0,0.538,5.99,81.7,4.2579,4,307,21,386.75,14.67,17.5,0.61496964,0.289444,35.8801,18.12971241,441,19.6659604393,215.2089
0.80271,0,8.14,0,0.538,5.456,36.6,3.7965,4,307,21,288.99,11.69,20.2,0.6443433441,0.289444,29.767936,14.41341225,441,16.9997058798,136.6561
0.7258,0,8.14,0,0.538,5.727,69.5,3.7965,4,307,21,390.95,11.28,18.2,0.52678564,0.289444,32.798529,14.41341225,441,19.7724555885,127.2384
1.25179,0,8.14,0,0.538,5.57,98.1,3.7979,4,307,21,376.57,21.02,13.6,1.5669782041,0.289444,31.0249,14.42404441,441,19.4054116164,441.8404
0.85204,0,8.14,0,0.538,5.965,89.2,4.0123,4,307,21,392.53,13.83,19.6,0.7259721616,0.289444,35.581225,16.09855129,441,19.8123698734,191.2689
1.23247,0,8.14,0,0.538,6.142,91.7,3.9769,4,307,21,396.9,18.72,15.2,1.5189823009,0.289444,37.724164,15.81573361,441,19.9223492591,350.4384
0.98843,0,8.14,0,0.538,5.813,100,4.0952,4,307,21,394.54,19.88,14.5,0.9769938649,0.289444,33.790969,16.77066304,441,19.8630309872,395.2144
0.75026,0,8.14,0,0.538,5.924,94.1,4.3996,4,307,21,394.33,16.3,15.6,0.5628900676,0.289444,35.093776,19.35648016,441,19.8577440813,265.69
0.84054,0,8.14,0,0.538,5.599,85.7,4.4546,4,307,21,303.42,16.51,13.9,0.7065074916,0.289444,31.348801,19.84346116,441,17.4189551925,272.5801
0.67191,0,8.14,0,0.538,5.813,90.3,4.682,4,307,21,376.88,14.81,16.6,0.4514630481,0.289444,33.790969,21.921124,441,19.4133974358,219.3361
0.95577,0,8.14,0,0.538,6.047,88.8,4.4534,4,307,21,306.38,17.28,14.8,0.9134962929,0.289444,36.566209,19.83277156,441,17.5037138916,298.5984
0.77299,0,8.14,0,0.538,6.495,94.4,4.4547,4,307,21,387.94,12.8,18.4,0.5975135401,0.289444,42.185025,19.84435209,441,19.6961925255,163.84
1.00245,0,8.14,0,0.538,6.674,87.3,4.239,4,307,21,380.23,11.98,21,1.0049060025,0.289444,44.542276,17.969121,441,19.4994871727,143.5204
1.13081,0,8.14,0,0.538,5.713,94.1,4.233,4,307,21,360.17,22.6,12.7,1.2787312561,0.289444,32.638369,17.918289,441,18.9781453256,510.76
1.35472,0,8.14,0,0.538,6.072,100,4.175,4,307,21,376.73,13.04,14.5,1.8352662784,0.289444,36.869184,17.430625,441,19.4095337399,170.0416
1.38799,0,8.14,0,0.538,5.95,82,3.99,4,307,21,232.6,27.71,13.2,1.9265162401,0.289444,35.4025,15.9201,441,15.2512294586,767.8441
1.15172,0,8.14,0,0.538,5.701,95,3.7872,4,307,21,358.77,18.35,13.1,1.3264589584,0.289444,32.501401,14.34288384,441,18.9412248812,336.7225
1.61282,0,8.14,0,0.538,6.096,96.9,3.7598,4,307,21,248.31,20.34,13.5,2.6011883524,0.289444,37.161216,14.13609604,441,15.757855184,413.7156
0.06417,0,5.96,0,0.499,5.933,68.2,3.3603,5,279,19.2,396.9,9.68,18.9,0.0041177889,0.249001,35.200489,11.29161609,368.64,19.9223492591,93.7024
0.09744,0,5.96,0,0.499,5.841,61.4,3.3779,5,279,19.2,377.56,11.41,20,0.0094945536,0.249001,34.117281,11.41020841,368.64,19.4309032214,130.1881
0.08014,0,5.96,0,0.499,5.85,41.5,3.9342,5,279,19.2,396.9,8.77,21,0.0064224196,0.249001,34.2225,15.47792964,368.64,19.9223492591,76.9129
0.17505,0,5.96,0,0.499,5.966,30.2,3.8473,5,279,19.2,393.43,10.13,24.7,0.0306425025,0.249001,35.593156,14.80171729,368.64,19.835069952,102.6169
0.02763,75,2.95,0,0.428,6.595,21.8,5.4011,3,252,18.3,395.63,4.32,30.8,0.0007634169,0.183184,43.494025,29.17188121,334.89,19.8904499698,18.6624
0.03359,75,2.95,0,0.428,7.024,15.8,5.4011,3,252,18.3,395.62,1.98,34.9,0.0011282881,0.183184,49.336576,29.17188121,334.89,19.8901985913,3.9204
0.12744,0,6.91,0,0.448,6.77,2.9,5.7209,3,233,17.9,385.41,4.84,26.6,0.0162409536,0.200704,45.8329,32.72869681,320.41,19.6318618577,23.4256
0.1415,0,6.91,0,0.448,6.169,6.6,5.7209,3,233,17.9,383.37,5.81,25.3,0.02002225,0.200704,38.056561,32.72869681,320.41,19.5798365672,33.7561
0.15936,0,6.91,0,0.448,6.211,6.5,5.7209,3,233,17.9,394.46,7.44,24.7,0.0253956096,0.200704,38.576521,32.72869681,320.41,19.8610170938,55.3536
0.12269,0,6.91,0,0.448,6.069,40,5.7209,3,233,17.9,389.39,9.55,21.2,0.0150528361,0.200704,36.832761,32.72869681,320.41,19.7329673389,91.2025
0.17142,0,6.91,0,0.448,5.682,33.8,5.1004,3,233,17.9,396.9,10.21,19.3,0.0293848164,0.200704,32.285124,26.01408016,320.41,19.9223492591,104.2441
0.18836,0,6.91,0,0.448,5.786,33.3,5.1004,3,233,17.9,396.9,14.15,20,0.0354794896,0.200704,33.477796,26.01408016,320.41,19.9223492591,200.2225
0.22927,0,6.91,0,0.448,6.03,85.5,5.6894,3,233,17.9,392.74,18.8,16.6,0.0525647329,0.200704,36.3609,32.36927236,320.41,19.8176688841,353.44
0.25387,0,6.91,0,0.448,5.399,95.3,5.87,3,233,17.9,396.9,30.81,14.4,0.0644499769,0.200704,29.149201,34.4569,320.41,19.9223492591,949.2561
0.21977,0,6.91,0,0.448,5.602,62,6.0877,3,233,17.9,396.9,16.2,19.4,0.0482988529,0.200704,31.382404,37.06009129,320.41,19.9223492591,262.44
0.08873,21,5.64,0,0.439,5.963,45.7,6.8147,4,243,16.8,395.56,13.45,19.7,0.0078730129,0.192721,35.557369,46.44013609,282.24,19.8886902535,180.9025
0.04337,21,5.64,0,0.439,6.115,63,6.8147,4,243,16.8,393.97,9.43,20.5,0.0018809569,0.192721,37.393225,46.44013609,282.24,19.8486775378,88.9249
0.0536,21,5.64,0,0.439,6.511,21.1,6.8147,4,243,16.8,396.9,5.28,25,0.00287296,0.192721,42.393121,46.44013609,282.24,19.9223492591,27.8784
0.04981,21,5.64,0,0.439,5.998,21.4,6.8147,4,243,16.8,396.9,8.43,23.4,0.0024810361,0.192721,35.976004,46.44013609,282.24,19.9223492591,71.0649
0.0136,75,4,0,0.41,5.888,47.6,7.3197,3,469,21.1,396.9,14.8,18.9,0.00018496,0.1681,34.668544,53.57800809,445.21,19.9223492591,219.04
0.01311,90,1.22,0,0.403,7.249,21.9,8.6966,5,226,17.9,395.93,4.81,35.4,0.0001718721,0.162409,52.548001,75.63085156,320.41,19.8979898482,23.1361
0.02055,85,0.74,0,0.41,6.383,35.7,9.1876,2,313,17.3,396.9,5.77,24.7,0.0004223025,0.1681,40.742689,84.41199376,299.29,19.9223492591,33.2929
0.01432,100,1.32,0,0.411,6.816,40.5,8.3248,5,256,15.1,392.9,3.95,31.6,0.0002050624,0.168921,46.457856,69.30229504,228.01,19.8217052748,15.6025
0.15445,25,5.13,0,0.453,6.145,29.2,7.8148,8,284,19.7,390.68,6.86,23.3,0.0238548025,0.205209,37.761025,61.07109904,388.09,19.7656267292,47.0596
0.10328,25,5.13,0,0.453,5.927,47.2,6.932,8,284,19.7,396.9,9.22,19.6,0.0106667584,0.205209,35.129329,48.052624,388.09,19.9223492591,85.0084
0.14932,25,5.13,0,0.453,5.741,66.2,7.2254,8,284,19.7,395.11,13.15,18.7,0.0222964624,0.205209,32.959081,52.20640516,388.09,19.877374072,172.9225
0.17171,25,5.13,0,0.453,5.966,93.4,6.8185,8,284,19.7,378.08,14.44,16,0.0294843241,0.205209,35.593156,46.49194225,388.09,19.4442793644,208.5136
0.11027,25,5.13,0,0.453,6.456,67.8,7.2255,8,284,19.7,396.9,6.73,22.2,0.0121594729,0.205209,41.679936,52.20785025,388.09,19.9223492591,45.2929
0.1265,25,5.13,0,0.453,6.762,43.4,7.9809,8,284,19.7,395.58,9.5,25,0.01600225,0.205209,45.724644,63.69476481,388.09,19.8891930455,90.25
0.01951,17.5,1.38,0,0.4161,7.104,59.5,9.2229,3,216,18.6,393.24,8.05,33,0.0003806401,0.17313921,50.466816,85.06188441,345.96,19.830279877,64.8025
0.03584,80,3.37,0,0.398,6.29,17.8,6.6115,4,337,16.1,396.9,4.67,23.5,0.0012845056,0.158404,39.5641,43.71193225,259.21,19.9223492591,21.8089
0.04379,80,3.37,0,0.398,5.787,31.1,6.6115,4,337,16.1,396.9,10.24,19.4,0.0019175641,0.158404,33.489369,43.71193225,259.21,19.9223492591,104.8576
0.05789,12.5,6.07,0,0.409,5.878,21.4,6.498,4,345,18.9,396.21,8.1,22,0.0033512521,0.167281,34.550884,42.224004,357.21,19.9050244913,65.61
0.13554,12.5,6.07,0,0.409,5.594,36.8,6.498,4,345,18.9,396.9,13.09,17.4,0.0183710916,0.167281,31.292836,42.224004,357.21,19.9223492591,171.3481
0.12816,12.5,6.07,0,0.409,5.885,33,6.498,4,345,18.9,396.9,8.79,20.9,0.0164249856,0.167281,34.633225,42.224004,357.21,19.9223492591,77.2641
0.08826,0,10.81,0,0.413,6.417,6.6,5.2873,4,305,19.2,383.73,6.72,24.2,0.0077898276,0.170569,41.177889,27.95554129,368.64,19.5890275409,45.1584
0.15876,0,10.81,0,0.413,5.961,17.5,5.2873,4,305,19.2,376.94,9.88,21.7,0.0252047376,0.170569,35.533521,27.95554129,368.64,19.4149426989,97.6144
0.09164,0,10.81,0,0.413,6.065,7.8,5.2873,4,305,19.2,390.91,5.52,22.8,0.0083978896,0.170569,36.784225,27.95554129,368.64,19.7714440545,30.4704
0.19539,0,10.81,0,0.413,6.245,6.2,5.2873,4,305,19.2,377.17,7.54,23.4,0.0381772521,0.170569,39.000025,27.95554129,368.64,19.4208650683,56.8516
0.07896,0,12.83,0,0.437,6.273,6,4.2515,5,398,18.7,394.92,6.78,24.1,0.0062346816,0.190969,39.350529,18.07525225,349.69,19.872594194,45.9684
0.09512,0,12.83,0,0.437,6.286,45,4.5026,5,398,18.7,383.23,8.94,21.4,0.0090478144,0.190969,39.513796,20.27340676,349.69,19.5762611343,79.9236
0.10153,0,12.83,0,0.437,6.279,74.5,4.0522,5,398,18.7,373.66,11.97,20,0.0103083409,0.190969,39.425841,16.42032484,349.69,19.3302871163,143.2809
0.08707,0,12.83,0,0.437,6.14,45.8,4.0905,5,398,18.7,386.96,10.27,20.8,0.0075811849,0.190969,37.6996,16.73219025,349.69,19.6712988895,105.4729
0.05646,0,12.83,0,0.437,6.232,53.7,5.0141,5,398,18.7,386.4,12.34,21.2,0.0031877316,0.190969,38.837824,25.14119881,349.69,19.6570598005,152.2756
0.08387,0,12.83,0,0.437,5.874,36.6,4.5026,5,398,18.7,396.06,9.1,20.3,0.0070341769,0.190969,34.503876,20.27340676,349.69,19.9012562418,82.81
0.04113,25,4.86,0,0.426,6.727,33.5,5.4007,4,281,19,396.9,5.29,28,0.0016916769,0.181476,45.252529,29.16756049,361,19.9223492591,27.9841
0.04462,25,4.86,0,0.426,6.619,70.4,5.4007,4,281,19,395.63,7.22,23.9,0.0019909444,0.181476,43.811161,29.16756049,361,19.8904499698,52.1284
0.03659,25,4.86,0,0.426,6.302,32.2,5.4007,4,281,19,396.9,6.72,24.8,0.0013388281,0.181476,39.715204,29.16756049,361,19.9223492591,45.1584
0.03551,25,4.86,0,0.426,6.167,46.7,5.4007,4,281,19,390.64,7.51,22.9,0.0012609601,0.181476,38.031889,29.16756049,361,19.7646148457,56.4001
0.05059,0,4.49,0,0.449,6.389,48,4.7794,3,247,18.5,396.9,9.62,23.9,0.0025593481,0.201601,40.819321,22.84266436,342.25,19.9223492591,92.5444
0.05735,0,4.49,0,0.449,6.63,56.1,4.4377,3,247,18.5,392.3,6.53,26.6,0.0032890225,0.201601,43.9569,19.69318129,342.25,19.8065645683,42.6409
0.05188,0,4.49,0,0.449,6.015,45.1,4.4272,3,247,18.5,395.99,12.86,22.5,0.0026915344,0.201601,36.180225,19.60009984,342.25,19.8994974811,165.3796
0.07151,0,4.49,0,0.449,6.121,56.8,3.7476,3,247,18.5,395.15,8.44,22.2,0.0051136801,0.201601,37.466641,14.04450576,342.25,19.8783802157,71.2336
0.0566,0,3.41,0,0.489,7.007,86.3,3.4217,2,270,17.8,396.9,5.5,23.6,0.00320356,0.239121,49.098049,11.70803089,316.84,19.9223492591,30.25
0.05302,0,3.41,0,0.489,7.079,63.1,3.4145,2,270,17.8,396.06,5.7,28.7,0.0028111204,0.239121,50.112241,11.65881025,316.84,19.9012562418,32.49
0.04684,0,3.41,0,0.489,6.417,66.1,3.0923,2,270,17.8,392.18,8.81,22.6,0.0021939856,0.239121,41.177889,9.56231929,316.84,19.803535038,77.6161
0.03932,0,3.41,0,0.489,6.405,73.9,3.0921,2,270,17.8,393.55,8.2,22,0.0015460624,0.239121,41.024025,9.56108241,316.84,19.8380946666,67.24
0.04203,28,15.04,0,0.464,6.442,53.6,3.6659,4,270,18.2,395.01,8.16,22.9,0.0017665209,0.215296,41.499364,13.43882281,331.24,19.8748584901,66.5856
0.02875,28,15.04,0,0.464,6.211,28.9,3.6659,4,270,18.2,396.33,6.21,25,0.0008265625,0.215296,38.576521,13.43882281,331.24,19.9080385774,38.5641
0.04294,28,15.04,0,0.464,6.249,77.3,3.615,4,270,18.2,396.9,10.59,20.6,0.0018438436,0.215296,39.050001,13.068225,331.24,19.9223492591,112.1481
0.12204,0,2.89,0,0.445,6.625,57.8,3.4952,2,276,18,357.98,6.65,28.4,0.0148937616,0.198025,43.890625,12.21642304,324,18.9203594046,44.2225
0.11504,0,2.89,0,0.445,6.163,69.6,3.4952,2,276,18,391.83,11.34,21.4,0.0132342016,0.198025,37.982569,12.21642304,324,19.7946962594,128.5956
0.12083,0,2.89,0,0.445,8.069,76,3.4952,2,276,18,396.9,4.21,38.7,0.0145998889,0.198025,65.108761,12.21642304,324,19.9223492591,17.7241
0.08187,0,2.89,0,0.445,7.82,36.9,3.4952,2,276,18,393.53,3.57,43.8,0.0067026969,0.198025,61.1524,12.21642304,324,19.8375905795,12.7449
0.0686,0,2.89,0,0.445,7.416,62.5,3.4952,2,276,18,396.9,6.19,33.2,0.00470596,0.198025,54.997056,12.21642304,324,19.9223492591,38.3161
0.14866,0,8.56,0,0.52,6.727,79.9,2.7778,5,384,20.9,394.76,9.42,27.5,0.0220997956,0.2704,45.252529,7.71617284,436.81,19.8685681417,88.7364
0.11432,0,8.56,0,0.52,6.781,71.3,2.8561,5,384,20.9,395.58,7.67,26.5,0.0130690624,0.2704,45.981961,8.15730721,436.81,19.8891930455,58.8289
0.22876,0,8.56,0,0.52,6.405,85.4,2.7147,5,384,20.9,70.8,10.63,18.6,0.0523311376,0.2704,41.024025,7.36959609,436.81,8.4142735872,112.9969
0.21161,0,8.56,0,0.52,6.137,87.4,2.7147,5,384,20.9,394.47,13.44,19.3,0.0447787921,0.2704,37.662769,7.36959609,436.81,19.8612688416,180.6336
0.1396,0,8.56,0,0.52,6.167,90,2.421,5,384,20.9,392.69,12.33,20.1,0.01948816,0.2704,38.031889,5.861241,436.81,19.8164073434,152.0289
0.13262,0,8.56,0,0.52,5.851,96.7,2.1069,5,384,20.9,394.05,16.47,19.5,0.0175880644,0.2704,34.234201,4.43902761,436.81,19.8506926831,271.2609
0.1712,0,8.56,0,0.52,5.836,91.9,2.211,5,384,20.9,395.67,18.66,19.5,0.02930944,0.2704,34.058896,4.888521,436.81,19.891455452,348.1956
0.13117,0,8.56,0,0.52,6.127,85.2,2.1224,5,384,20.9,387.69,14.09,20.4,0.0172055689,0.2704,37.540129,4.50458176,436.81,19.6898450984,198.5281
0.12802,0,8.56,0,0.52,6.474,97.1,2.4329,5,384,20.9,395.24,12.27,19.8,0.0163891204,0.2704,41.912676,5.91900241,436.81,19.8806438528,150.5529
0.26363,0,8.56,0,0.52,6.229,91.2,2.5451,5,384,20.9,391.23,15.55,19.4,0.0695007769,0.2704,38.800441,6.47753401,436.81,19.7795348783,241.8025
0.10793,0,8.56,0,0.52,6.195,54.4,2.7778,5,384,20.9,393.49,13,21.7,0.0116488849,0.2704,38.378025,7.71617284,436.81,19.8365823669,169
0.10084,0,10.01,0,0.547,6.715,81.6,2.6775,6,432,17.8,395.59,10.16,22.8,0.0101687056,0.299209,45.091225,7.16900625,316.84,19.8894444367,103.2256
0.12329,0,10.01,0,0.547,5.913,92.9,2.3534,6,432,17.8,394.95,16.21,18.8,0.0152004241,0.299209,34.963569,5.53849156,316.84,19.873348988,262.7641
0.22212,0,10.01,0,0.547,6.092,95.4,2.548,6,432,17.8,396.9,17.09,18.7,0.0493372944,0.299209,37.112464,6.492304,316.84,19.9223492591,292.0681
0.14231,0,10.01,0,0.547,6.254,84.2,2.2565,6,432,17.8,388.74,10.45,18.5,0.0202521361,0.299209,39.112516,5.09179225,316.84,19.7164905599,109.2025
0.17134,0,10.01,0,0.547,5.928,88.2,2.4631,6,432,17.8,344.91,15.76,18.3,0.0293573956,0.299209,35.141184,6.06686161,316.84,18.5717527444,248.3776
0.13158,0,10.01,0,0.547,6.176,72.5,2.7301,6,432,17.8,393.3,12.04,21.2,0.0173132964,0.299209,38.142976,7.45344601,316.84,19.8317926572,144.9616
0.15098,0,10.01,0,0.547,6.021,82.6,2.7474,6,432,17.8,394.51,10.3,19.2,0.0227949604,0.299209,36.252441,7.54820676,316.84,19.8622758011,106.09
0.13058,0,10.01,0,0.547,5.872,73.1,2.4775,6,432,17.8,338.63,15.37,20.4,0.0170511364,0.299209,34.480384,6.13800625,316.84,18.4019020756,236.2369
0.14476,0,10.01,0,0.547,5.731,65.2,2.7592,6,432,17.8,391.5,13.61,19.3,0.0209554576,0.299209,32.844361,7.61318464,316.84,19.7863589374,185.2321
0.06899,0,25.65,0,0.581,5.87,69.7,2.2577,2,188,19.1,389.15,14.37,22,0.0047596201,0.337561,34.4569,5.09720929,364.81,19.7268852078,206.4969
0.07165,0,25.65,0,0.581,6.004,84.1,2.1974,2,188,19.1,377.67,14.27,20.3,0.0051337225,0.337561,36.048016,4.82856676,364.81,19.4337335579,203.6329
0.09299,0,25.65,0,0.581,5.961,92.9,2.0869,2,188,19.1,378.09,17.93,20.5,0.0086471401,0.337561,35.533521,4.35515161,364.81,19.4445365077,321.4849
0.15038,0,25.65,0,0.581,5.856,97,1.9444,2,188,19.1,370.31,25.41,17.3,0.0226141444,0.337561,34.292736,3.78069136,364.81,19.2434404408,645.6681
0.09849,0,25.65,0,0.581,5.879,95.8,2.0063,2,188,19.1,379.38,17.58,18.8,0.0097002801,0.337561,34.562641,4.02523969,364.81,19.4776795333,309.0564
0.16902,0,25.65,0,0.581,5.986,88.4,1.9929,2,188,19.1,385.02,14.81,21.4,0.0285677604,0.337561,35.832196,3.97165041,364.81,19.6219265109,219.3361
0.38735,0,25.65,0,0.581,5.613,95.6,1.7572,2,188,19.1,359.29,27.26,15.7,0.1500400225,0.337561,31.505769,3.08775184,364.81,18.9549465839,743.1076
0.25915,0,21.89,0,0.624,5.693,96,1.7883,4,437,21.2,392.11,17.19,16.2,0.0671587225,0.389376,32.410249,3.19801689,449.44,19.8017675979,295.4961
0.32543,0,21.89,0,0.624,6.431,98.8,1.8125,4,437,21.2,396.9,15.39,18,0.1059046849,0.389376,41.357761,3.28515625,449.44,19.9223492591,236.8521
0.88125,0,21.89,0,0.624,5.637,94.7,1.9799,4,437,21.2,396.9,18.34,14.3,0.7766015625,0.389376,31.775769,3.92000401,449.44,19.9223492591,336.3556
0.34006,0,21.89,0,0.624,6.458,98.9,2.1185,4,437,21.2,395.04,12.6,19.2,0.1156408036,0.389376,41.705764,4.48804225,449.44,19.8756131981,158.76
1.19294,0,21.89,0,0.624,6.326,97.7,2.271,4,437,21.2,396.9,12.26,19.6,1.4231058436,0.389376,40.018276,5.157441,449.44,19.9223492591,150.3076
0.59005,0,21.89,0,0.624,6.372,97.9,2.3274,4,437,21.2,385.76,11.12,23,0.3481590025,0.389376,40.602384,5.41679076,449.44,19.6407739155,123.6544
0.32982,0,21.89,0,0.624,5.822,95.4,2.4699,4,437,21.2,388.69,15.03,18.4,0.1087812324,0.389376,33.895684,6.10040601,449.44,19.715222545,225.9009
0.97617,0,21.89,0,0.624,5.757,98.4,2.346,4,437,21.2,262.76,17.31,15.6,0.9529078689,0.389376,33.143049,5.503716,449.44,16.2098735344,299.6361
0.55778,0,21.89,0,0.624,6.335,98.2,2.1107,4,437,21.2,394.67,16.96,18.1,0.3111185284,0.389376,40.132225,4.45505449,449.44,19.8663031287,287.6416
0.32264,0,21.89,0,0.624,5.942,93.5,1.9669,4,437,21.2,378.25,16.9,17.4,0.1040965696,0.389376,35.307364,3.86869561,449.44,19.4486503388,285.61
0.35233,0,21.89,0,0.624,6.454,98.4,1.8498,4,437,21.2,394.08,14.59,17.1,0.1241364289,0.389376,41.654116,3.42176004,449.44,19.8514483099,212.8681
0.2498,0,21.89,0,0.624,5.857,98.2,1.6686,4,437,21.2,392.04,21.32,13.3,0.06240004,0.389376,34.304449,2.78422596,449.44,19.8,454.5424
0.54452,0,21.89,0,0.624,6.151,97.9,1.6687,4,437,21.2,396.9,18.46,17.8,0.2965020304,0.389376,37.834801,2.78455969,449.44,19.9223492591,340.7716
0.2909,0,21.89,0,0.624,6.174,93.6,1.6119,4,437,21.2,388.08,24.16,14,0.08462281,0.389376,38.118276,2.59822161,449.44,19.6997461913,583.7056
1.62864,0,21.89,0,0.624,5.019,100,1.4394,4,437,21.2,396.9,34.41,14.4,2.6524682496,0.389376,25.190361,2.07187236,449.44,19.9223492591,1184.0481
3.32105,0,19.58,1,0.871,5.403,100,1.3216,5,403,14.7,396.9,26.82,13.4,11.0293731025,0.758641,29.192409,1.74662656,216.09,19.9223492591,719.3124
4.0974,0,19.58,0,0.871,5.468,100,1.4118,5,403,14.7,396.9,26.42,15.6,16.78868676,0.758641,29.899024,1.99317924,216.09,19.9223492591,698.0164
2.77974,0,19.58,0,0.871,4.903,97.8,1.3459,5,403,14.7,396.9,29.29,11.8,7.7269544676,0.758641,24.039409,1.81144681,216.09,19.9223492591,857.9041
2.37934,0,19.58,0,0.871,6.13,100,1.4191,5,403,14.7,172.91,27.8,13.8,5.6612588356,0.758641,37.5769,2.01384481,216.09,13.1495247062,772.84
2.15505,0,19.58,0,0.871,5.628,100,1.5166,5,403,14.7,169.27,16.65,15.6,4.6442405025,0.758641,31.674384,2.30007556,216.09,13.010380471,277.2225
2.36862,0,19.58,0,0.871,4.926,95.7,1.4608,5,403,14.7,391.71,29.53,14.6,5.6103607044,0.758641,24.265476,2.13393664,216.09,19.7916649123,872.0209
2.33099,0,19.58,0,0.871,5.186,93.8,1.5296,5,403,14.7,356.99,28.32,17.8,5.4335143801,0.758641,26.894596,2.33967616,216.09,18.8941789978,802.0224
2.73397,0,19.58,0,0.871,5.597,94.9,1.5257,5,403,14.7,351.85,21.45,15.4,7.4745919609,0.758641,31.326409,2.32776049,216.09,18.7576650999,460.1025
1.6566,0,19.58,0,0.871,6.122,97.3,1.618,5,403,14.7,372.8,14.1,21.5,2.74432356,0.758641,37.478884,2.617924,216.09,19.3080294178,198.81
1.49632,0,19.58,0,0.871,5.404,100,1.5916,5,403,14.7,341.6,13.28,19.6,2.2389735424,0.758641,29.203216,2.53319056,216.09,18.4824240834,176.3584
1.12658,0,19.58,1,0.871,5.012,88,1.6102,5,403,14.7,343.28,12.12,15.3,1.2691824964,0.758641,25.120144,2.59274404,216.09,18.5278169248,146.8944
2.14918,0,19.58,0,0.871,5.709,98.5,1.6232,5,403,14.7,261.95,15.79,19.4,4.6189746724,0.758641,32.592681,2.63477824,216.09,16.1848694774,249.3241
1.41385,0,19.58,1,0.871,6.129,96,1.7494,5,403,14.7,321.02,15.12,17,1.9989718225,0.758641,37.564641,3.06040036,216.09,17.917031004,228.6144
3.53501,0,19.58,1,0.871,6.152,82.6,1.7455,5,403,14.7,88.01,15.02,15.6,12.4962957001,0.758641,37.847104,3.04677025,216.09,9.3813645063,225.6004
2.44668,0,19.58,0,0.871,5.272,94,1.7364,5,403,14.7,88.63,16.14,13.1,5.9862430224,0.758641,27.793984,3.01508496,216.09,9.4143507477,260.4996
1.22358,0,19.58,0,0.605,6.943,97.4,1.8773,5,403,14.7,363.43,4.59,41.3,1.4971480164,0.366025,48.205249,3.52425529,216.09,19.0638401168,21.0681
1.34284,0,19.58,0,0.605,6.066,100,1.7573,5,403,14.7,353.89,6.43,24.3,1.8032192656,0.366025,36.796356,3.08810329,216.09,18.8119642781,41.3449
1.42502,0,19.58,0,0.871,6.51,100,1.7659,5,403,14.7,364.31,7.39,23.3,2.0306820004,0.758641,42.3801,3.11840281,216.09,19.0869065068,54.6121
1.27346,0,19.58,1,0.605,6.25,92.6,1.7984,5,403,14.7,338.92,5.5,27,1.6217003716,0.366025,39.0625,3.23424256,216.09,18.4097800095,30.25
1.46336,0,19.58,0,0.605,7.489,90.8,1.9709,5,403,14.7,374.43,1.73,50,2.1414224896,0.366025,56.085121,3.88444681,216.09,19.3501937975,2.9929
1.83377,0,19.58,1,0.605,7.802,98.2,2.0407,5,403,14.7,389.61,1.92,50,3.3627124129,0.366025,60.871204,4.16445649,216.09,19.7385409795,3.6864
1.51902,0,19.58,1,0.605,8.375,93.9,2.162,5,403,14.7,388.45,3.32,50,2.3074217604,0.366025,70.140625,4.674244,216.09,19.7091349379,11.0224
2.24236,0,19.58,0,0.605,5.854,91.8,2.422,5,403,14.7,395.11,11.64,22.7,5.0281783696,0.366025,34.269316,5.866084,216.09,19.877374072,135.4896
2.924,0,19.58,0,0.605,6.101,93,2.2834,5,403,14.7,240.16,9.81,25,8.549776,0.366025,37.222201,5.21391556,216.09,15.4970965022,96.2361
2.01019,0,19.58,0,0.605,7.929,96.2,2.0459,5,403,14.7,369.3,3.7,50,4.0408638361,0.366025,62.869041,4.18570681,216.09,19.2171798139,13.69
1.80028,0,19.58,0,0.605,5.877,79.2,2.4259,5,403,14.7,227.61,12.14,23.8,3.2410080784,0.366025,34.539129,5.88499081,216.09,15.0867491528,147.3796
2.3004,0,19.58,0,0.605,6.319,96.1,2.1,5,403,14.7,297.09,11.1,23.8,5.29184016,0.366025,39.929761,4.41,216.09,17.2362989067,123.21
2.44953,0,19.58,0,0.605,6.402,95.2,2.2625,5,403,14.7,330.04,11.32,22.3,6.0001972209,0.366025,40.985604,5.11890625,216.09,18.167003055,128.1424
1.20742,0,19.58,0,0.605,5.875,94.6,2.4259,5,403,14.7,292.29,14.43,17.4,1.4578630564,0.366025,34.515625,5.88499081,216.09,17.096490868,208.2249
2.3139,0,19.58,0,0.605,5.88,97.3,2.3887,5,403,14.7,348.13,12.03,19.1,5.35413321,0.366025,34.5744,5.70588769,216.09,18.6582421466,144.7209
0.13914,0,4.05,0,0.51,5.572,88.5,2.5961,5,296,16.6,396.9,14.69,23.1,0.0193599396,0.2601,31.047184,6.73973521,275.56,19.9223492591,215.7961
0.09178,0,4.05,0,0.51,6.416,84.1,2.6463,5,296,16.6,395.5,9.04,23.6,0.0084235684,0.2601,41.165056,7.00290369,275.56,19.8871818014,81.7216
0.08447,0,4.05,0,0.51,5.859,68.7,2.7019,5,296,16.6,393.23,9.64,22.6,0.0071351809,0.2601,34.327881,7.30026361,275.56,19.8300277357,92.9296
0.06664,0,4.05,0,0.51,6.546,33.1,3.1323,5,296,16.6,390.96,5.33,29.4,0.0044408896,0.2601,42.850116,9.81130329,275.56,19.7727084639,28.4089
0.07022,0,4.05,0,0.51,6.02,47.2,3.5549,5,296,16.6,393.23,10.11,23.2,0.0049308484,0.2601,36.2404,12.63731401,275.56,19.8300277357,102.2121
0.05425,0,4.05,0,0.51,6.315,73.4,3.3175,5,296,16.6,395.6,6.29,24.6,0.0029430625,0.2601,39.879225,11.00580625,275.56,19.8896958247,39.5641
0.06642,0,4.05,0,0.51,6.86,74.4,2.9153,5,296,16.6,391.27,6.92,29.9,0.0044116164,0.2601,47.0596,8.49897409,275.56,19.7805459985,47.8864
0.0578,0,2.46,0,0.488,6.98,58.4,2.829,3,193,17.8,396.9,5.04,37.2,0.00334084,0.238144,48.7204,8.003241,316.84,19.9223492591,25.4016
0.06588,0,2.46,0,0.488,7.765,83.3,2.741,3,193,17.8,395.56,7.56,39.8,0.0043401744,0.238144,60.295225,7.513081,316.84,19.8886902535,57.1536
0.06888,0,2.46,0,0.488,6.144,62.2,2.5979,3,193,17.8,396.9,9.45,36.2,0.0047444544,0.238144,37.748736,6.74908441,316.84,19.9223492591,89.3025
0.09103,0,2.46,0,0.488,7.155,92.2,2.7006,3,193,17.8,394.12,4.82,37.9,0.0082864609,0.238144,51.194025,7.29324036,316.84,19.8524557675,23.2324
0.10008,0,2.46,0,0.488,6.563,95.6,2.847,3,193,17.8,396.9,5.68,32.5,0.0100160064,0.238144,43.072969,8.105409,316.84,19.9223492591,32.2624
0.08308,0,2.46,0,0.488,5.604,89.8,2.9879,3,193,17.8,391,13.98,26.4,0.0069022864,0.238144,31.404816,8.92754641,316.84,19.7737199333,195.4404
0.06047,0,2.46,0,0.488,6.153,68.8,3.2797,3,193,17.8,387.11,13.15,29.6,0.0036566209,0.238144,37.859409,10.75643209,316.84,19.6751111814,172.9225
0.05602,0,2.46,0,0.488,7.831,53.6,3.1992,3,193,17.8,392.63,4.45,50,0.0031382404,0.238144,61.324561,10.23488064,316.84,19.8148933886,19.8025
0.07875,45,3.44,0,0.437,6.782,41.1,3.7886,5,398,15.2,393.87,6.68,32,0.0062015625,0.190969,45.995524,14.35348996,231.04,19.8461583184,44.6224
0.12579,45,3.44,0,0.437,6.556,29.1,4.5667,5,398,15.2,382.84,4.56,29.8,0.0158231241,0.190969,42.981136,20.85474889,231.04,19.5662975547,20.7936
0.0837,45,3.44,0,0.437,7.185,38.9,4.5667,5,398,15.2,396.9,5.39,34.9,0.00700569,0.190969,51.624225,20.85474889,231.04,19.9223492591,29.0521
0.09068,45,3.44,0,0.437,6.951,21.5,6.4798,5,398,15.2,377.68,5.1,37,0.0082228624,0.190969,48.316401,41.98780804,231.04,19.4339908408,26.01
0.06911,45,3.44,0,0.437,6.739,30.8,6.4798,5,398,15.2,389.71,4.69,30.5,0.0047761921,0.190969,45.414121,41.98780804,231.04,19.7410739323,21.9961
0.08664,45,3.44,0,0.437,7.178,26.3,6.4798,5,398,15.2,390.49,2.87,36.4,0.0075064896,0.190969,51.523684,41.98780804,231.04,19.7608198211,8.2369
0.02187,60,2.93,0,0.401,6.8,9.9,6.2196,1,265,15.6,393.37,5.03,31.1,0.0004782969,0.160801,46.24,38.68342416,243.36,19.8335574217,25.3009
0.01439,60,2.93,0,0.401,6.604,18.8,6.2196,1,265,15.6,376.7,4.38,29.1,0.0002070721,0.160801,43.612816,38.68342416,243.36,19.4087609084,19.1844
0.01381,80,0.46,0,0.422,7.875,32,5.6484,4,255,14.4,394.23,2.97,50,0.0001907161,0.178084,62.015625,31.90442256,207.36,19.8552260123,8.8209
0.04011,80,1.52,0,0.404,7.287,34.1,7.309,2,329,12.6,396.9,4.08,33.3,0.0016088121,0.163216,53.100369,53.421481,158.76,19.9223492591,16.6464
0.04666,80,1.52,0,0.404,7.107,36.6,7.309,2,329,12.6,354.31,8.61,30.3,0.0021771556,0.163216,50.509449,53.421481,158.76,18.8231240765,74.1321
0.03768,80,1.52,0,0.404,7.274,38.3,7.309,2,329,12.6,392.2,6.62,34.6,0.0014197824,0.163216,52.911076,53.421481,158.76,19.8040399919,43.8244
0.0315,95,1.47,0,0.403,6.975,15.3,7.6534,3,402,17,396.9,4.56,34.9,0.00099225,0.162409,48.650625,58.57453156,289,19.9223492591,20.7936
0.01778,95,1.47,0,0.403,7.135,13.9,7.6534,3,402,17,384.3,4.45,32.9,0.0003161284,0.162409,50.908225,58.57453156,289,19.6035711032,19.8025
0.03445,82.5,2.03,0,0.415,6.162,38.4,6.27,2,348,14.7,393.77,7.43,24.1,0.0011868025,0.172225,37.970244,39.3129,216.09,19.8436387792,55.2049
0.02177,82.5,2.03,0,0.415,7.61,15.7,6.27,2,348,14.7,395.38,3.11,42.3,0.0004739329,0.172225,57.9121,39.3129,216.09,19.8841645537,9.6721
0.0351,95,2.68,0,0.4161,7.853,33.2,5.118,4,224,14.7,392.78,3.81,48.5,0.00123201,0.17313921,61.669609,26.193924,216.09,19.8186780588,14.5161
0.02009,95,2.68,0,0.4161,8.034,31.9,5.118,4,224,14.7,390.55,2.88,50,0.0004036081,0.17313921,64.545156,26.193924,216.09,19.7623379184,8.2944
0.13642,0,10.59,0,0.489,5.891,22.3,3.9454,4,277,18.6,396.9,10.87,22.6,0.0186104164,0.239121,34.703881,15.56618116,345.96,19.9223492591,118.1569
0.22969,0,10.59,0,0.489,6.326,52.5,4.3549,4,277,18.6,394.87,10.97,24.4,0.0527574961,0.239121,40.018276,18.96515401,345.96,19.8713361403,120.3409
0.25199,0,10.59,0,0.489,5.783,72.7,4.3549,4,277,18.6,389.43,18.06,22.5,0.0634989601,0.239121,33.443089,18.96515401,345.96,19.7339808452,326.1636
0.13587,0,10.59,1,0.489,6.064,59.1,4.2392,4,277,18.6,381.32,14.66,24.4,0.0184606569,0.239121,36.772096,17.97081664,345.96,19.5274166238,214.9156
0.43571,0,10.59,1,0.489,5.344,100,3.875,4,277,18.6,396.9,23.09,20,0.1898432041,0.239121,28.558336,15.015625,345.96,19.9223492591,533.1481
0.17446,0,10.59,1,0.489,5.96,92.1,3.8771,4,277,18.6,393.25,17.27,21.7,0.0304362916,0.239121,35.5216,15.03190441,345.96,19.8305320151,298.2529
0.37578,0,10.59,1,0.489,5.404,88.6,3.665,4,277,18.6,395.24,23.98,19.3,0.1412106084,0.239121,29.203216,13.432225,345.96,19.8806438528,575.0404
0.21719,0,10.59,1,0.489,5.807,53.8,3.6526,4,277,18.6,390.94,16.03,22.4,0.0471714961,0.239121,33.721249,13.34148676,345.96,19.7722027099,256.9609
0.14052,0,10.59,0,0.489,6.375,32.3,3.9454,4,277,18.6,385.81,9.38,28.1,0.0197458704,0.239121,40.640625,15.56618116,345.96,19.6420467365,87.9844
0.28955,0,10.59,0,0.489,5.412,9.8,3.5875,4,277,18.6,348.93,29.55,23.7,0.0838392025,0.239121,29.289744,12.87015625,345.96,18.6796680913,873.2025
0.19802,0,10.59,0,0.489,6.182,42.4,3.9454,4,277,18.6,393.63,9.47,25,0.0392119204,0.239121,38.217124,15.56618116,345.96,19.8401108868,89.6809
0.0456,0,13.89,1,0.55,5.888,56,3.1121,5,276,16.4,392.8,13.51,23.3,0.00207936,0.3025,34.668544,9.68516641,268.96,19.8191826269,182.5201
0.07013,0,13.89,0,0.55,6.642,85.1,3.4211,5,276,16.4,392.78,9.69,28.7,0.0049182169,0.3025,44.116164,11.70392521,268.96,19.8186780588,93.8961
0.11069,0,13.89,1,0.55,5.951,93.8,2.8893,5,276,16.4,396.9,17.92,21.5,0.0122522761,0.3025,35.414401,8.34805449,268.96,19.9223492591,321.1264
0.11425,0,13.89,1,0.55,6.373,92.4,3.3633,5,276,16.4,393.74,10.5,23,0.0130530625,0.3025,40.615129,11.31178689,268.96,19.8428828551,110.25
0.35809,0,6.2,1,0.507,6.951,88.5,2.8617,8,307,17.4,391.7,9.71,26.7,0.1282284481,0.257049,48.316401,8.18932689,302.76,19.7914122791,94.2841
0.40771,0,6.2,1,0.507,6.164,91.3,3.048,8,307,17.4,395.24,21.46,21.7,0.1662274441,0.257049,37.994896,9.290304,302.76,19.8806438528,460.5316
0.62356,0,6.2,1,0.507,6.879,77.7,3.2721,8,307,17.4,390.39,9.93,27.5,0.3888270736,0.257049,47.320641,10.70663841,302.76,19.7582893996,98.6049
0.6147,0,6.2,0,0.507,6.618,80.8,3.2721,8,307,17.4,396.9,7.6,30.1,0.37785609,0.257049,43.797924,10.70663841,302.76,19.9223492591,57.76
0.31533,0,6.2,0,0.504,8.266,78.3,2.8944,8,307,17.4,385.05,4.14,44.8,0.0994330089,0.254016,68.326756,8.37755136,302.76,19.622690947,17.1396
0.52693,0,6.2,0,0.504,8.725,83,2.8944,8,307,17.4,382,4.63,50,0.2776552249,0.254016,76.125625,8.37755136,302.76,19.5448202857,21.4369
0.38214,0,6.2,0,0.504,8.04,86.5,3.2157,8,307,17.4,387.38,3.13,37.6,0.1460309796,0.254016,64.6416,10.34072649,302.76,19.681971446,9.7969
0.41238,0,6.2,0,0.504,7.163,79.9,3.2157,8,307,17.4,372.08,6.36,31.6,0.1700572644,0.254016,51.308569,10.34072649,302.76,19.2893753139,40.4496
0.29819,0,6.2,0,0.504,7.686,17,3.3751,8,307,17.4,377.51,3.92,46.7,0.0889172761,0.254016,59.074596,11.39130001,302.76,19.4296165685,15.3664
0.44178,0,6.2,0,0.504,6.552,21.4,3.3751,8,307,17.4,380.34,3.76,31.5,0.1951695684,0.254016,42.928704,11.39130001,302.76,19.5023075558,14.1376
0.537,0,6.2,0,0.504,5.981,68.1,3.6715,8,307,17.4,378.35,11.65,24.3,0.288369,0.254016,35.772361,13.47991225,302.76,19.4512210414,135.7225
0.46296,0,6.2,0,0.504,7.412,76.9,3.6715,8,307,17.4,376.14,5.25,31.7,0.2143319616,0.254016,54.937744,13.47991225,302.76,19.3943290681,27.5625
0.57529,0,6.2,0,0.507,8.337,73.3,3.8384,8,307,17.4,385.91,2.47,41.7,0.3309585841,0.257049,69.505569,14.73331456,302.76,19.6445921312,6.1009
0.33147,0,6.2,0,0.507,8.247,70.4,3.6519,8,307,17.4,378.95,3.95,48.3,0.1098723609,0.257049,68.013009,13.33637361,302.76,19.4666381278,15.6025
0.44791,0,6.2,1,0.507,6.726,66.5,3.6519,8,307,17.4,360.2,8.05,29,0.2006233681,0.257049,45.239076,13.33637361,302.76,18.978935692,64.8025
0.33045,0,6.2,0,0.507,6.086,61.5,3.6519,8,307,17.4,376.75,10.88,24,0.1091972025,0.257049,37.039396,13.33637361,302.76,19.4100489438,118.3744
0.52058,0,6.2,1,0.507,6.631,76.5,4.148,8,307,17.4,388.45,9.54,25.1,0.2710035364,0.257049,43.970161,17.205904,302.76,19.7091349379,91.0116
0.51183,0,6.2,0,0.507,7.358,71.6,4.148,8,307,17.4,390.07,4.73,31.5,0.2619699489,0.257049,54.140164,17.205904,302.76,19.7501898725,22.3729
0.08244,30,4.93,0,0.428,6.481,18.5,6.1899,6,300,16.6,379.41,6.36,23.7,0.0067963536,0.183184,42.003361,38.31486201,275.56,19.4784496303,40.4496
0.09252,30,4.93,0,0.428,6.606,42.2,6.1899,6,300,16.6,383.78,7.37,23.3,0.0085599504,0.183184,43.639236,38.31486201,275.56,19.590303724,54.3169
0.11329,30,4.93,0,0.428,6.897,54.3,6.3361,6,300,16.6,391.25,11.38,22,0.0128346241,0.183184,47.568609,40.14616321,275.56,19.7800404449,129.5044
0.10612,30,4.93,0,0.428,6.095,65.1,6.3361,6,300,16.6,394.62,12.4,20.1,0.0112614544,0.183184,37.149025,40.14616321,275.56,19.8650446765,153.76
0.1029,30,4.93,0,0.428,6.358,52.9,7.0355,6,300,16.6,372.75,11.22,22.2,0.01058841,0.183184,40.424164,49.49826025,275.56,19.3067345763,125.8884
0.12757,30,4.93,0,0.428,6.393,7.8,7.0355,6,300,16.6,374.71,5.19,23.7,0.0162741049,0.183184,40.870449,49.49826025,275.56,19.357427515,26.9361
0.20608,22,5.86,0,0.431,5.593,76.5,7.9549,7,330,19.1,372.49,12.5,17.6,0.0424689664,0.185761,31.281649,63.28043401,364.81,19.3,156.25
0.19133,22,5.86,0,0.431,5.605,70.2,7.9549,7,330,19.1,389.13,18.46,18.5,0.0366071689,0.185761,31.416025,63.28043401,364.81,19.7263782788,340.7716
0.33983,22,5.86,0,0.431,6.108,34.9,8.0555,7,330,19.1,390.18,9.16,24.3,0.1154844289,0.185761,37.307664,64.89108025,364.81,19.7529744596,83.9056
0.19657,22,5.86,0,0.431,6.226,79.2,8.0555,7,330,19.1,376.14,10.15,20.5,0.0386397649,0.185761,38.763076,64.89108025,364.81,19.3943290681,103.0225
0.16439,22,5.86,0,0.431,6.433,49.1,7.8265,7,330,19.1,374.71,9.52,24.5,0.0270240721,0.185761,41.383489,61.25410225,364.81,19.357427515,90.6304
0.19073,22,5.86,0,0.431,6.718,17.5,7.8265,7,330,19.1,393.74,6.56,26.2,0.0363779329,0.185761,45.131524,61.25410225,364.81,19.8428828551,43.0336
0.1403,22,5.86,0,0.431,6.487,13,7.3967,7,330,19.1,396.28,5.9,24.4,0.01968409,0.185761,42.081169,54.71117089,364.81,19.9067827637,34.81
0.21409,22,5.86,0,0.431,6.438,8.9,7.3967,7,330,19.1,377.07,3.59,24.8,0.0458345281,0.185761,41.447844,54.71117089,364.81,19.418290347,12.8881
0.08221,22,5.86,0,0.431,6.957,6.8,8.9067,7,330,19.1,386.09,3.53,29.6,0.0067584841,0.185761,48.399849,79.32930489,364.81,19.6491730106,12.4609
0.36894,22,5.86,0,0.431,8.259,8.4,8.9067,7,330,19.1,396.9,3.54,42.8,0.1361167236,0.185761,68.211081,79.32930489,364.81,19.9223492591,12.5316
0.04819,80,3.64,0,0.392,6.108,32,9.2203,1,315,16.4,392.89,6.57,21.9,0.0023222761,0.153664,37.307664,85.01393209,268.96,19.8214530244,43.1649
0.03548,80,3.64,0,0.392,5.876,19.1,9.2203,1,315,16.4,395.18,9.25,20.9,0.0012588304,0.153664,34.527376,85.01393209,268.96,19.87913479,85.5625
0.01538,90,3.75,0,0.394,7.454,34.2,6.3361,3,244,15.9,386.34,3.11,44,0.0002365444,0.155236,55.562116,40.14616321,252.81,19.655533572,9.6721
0.61154,20,3.97,0,0.647,8.704,86.9,1.801,5,264,13,389.7,5.12,50,0.3739811716,0.418609,75.759616,3.243601,169,19.7408206516,26.2144
0.66351,20,3.97,0,0.647,7.333,100,1.8946,5,264,13,383.29,7.79,36,0.4402455201,0.418609,53.772889,3.58950916,169,19.5777935427,60.6841
0.65665,20,3.97,0,0.647,6.842,100,2.0107,5,264,13,391.93,6.9,30.1,0.4311892225,0.418609,46.812964,4.04291449,169,19.7972220273,47.61
0.54011,20,3.97,0,0.647,7.203,81.8,2.1121,5,264,13,392.8,9.59,33.8,0.2917188121,0.418609,51.883209,4.46096641,169,19.8191826269,91.9681
0.53412,20,3.97,0,0.647,7.52,89.4,2.1398,5,264,13,388.37,7.26,43.1,0.2852841744,0.418609,56.5504,4.57874404,169,19.7071053176,52.7076
0.52014,20,3.97,0,0.647,8.398,91.5,2.2885,5,264,13,386.86,5.91,48.8,0.2705456196,0.418609,70.526404,5.23723225,169,19.6687569511,34.9281
0.82526,20,3.97,0,0.647,7.327,94.5,2.0788,5,264,13,393.42,11.25,31,0.6810540676,0.418609,53.684929,4.32140944,169,19.8348178716,126.5625
0.55007,20,3.97,0,0.647,7.206,91.6,1.9301,5,264,13,387.89,8.1,36.5,0.3025770049,0.418609,51.926436,3.72528601,169,19.6949232037,65.61
0.76162,20,3.97,0,0.647,5.56,62.8,1.9865,5,264,13,392.4,10.45,22.8,0.5800650244,0.418609,30.9136,3.94618225,169,19.8090888231,109.2025
0.7857,20,3.97,0,0.647,7.014,84.6,2.1329,5,264,13,384.07,14.79,30.7,0.61732449,0.418609,49.196196,4.54926241,169,19.5977039471,218.7441
0.57834,20,3.97,0,0.575,8.297,67,2.4216,5,264,13,384.54,7.44,50,0.3344771556,0.330625,68.840209,5.86414656,169,19.6096914815,55.3536
0.5405,20,3.97,0,0.575,7.47,52.6,2.872,5,264,13,390.3,3.16,43.5,0.29214025,0.330625,55.8009,8.248384,169,19.7560117433,9.9856
0.09065,20,6.96,1,0.464,5.92,61.5,3.9175,3,223,18.6,391.34,13.65,20.7,0.0082174225,0.215296,35.0464,15.34680625,345.96,19.7823153347,186.3225
0.29916,20,6.96,0,0.464,5.856,42.1,4.429,3,223,18.6,388.65,13,21.1,0.0894967056,0.215296,34.292736,19.616041,345.96,19.7142080744,169
0.16211,20,6.96,0,0.464,6.24,16.3,4.429,3,223,18.6,396.9,6.59,25.2,0.0262796521,0.215296,38.9376,19.616041,345.96,19.9223492591,43.4281
0.1146,20,6.96,0,0.464,6.538,58.7,3.9175,3,223,18.6,394.96,7.73,24.4,0.01313316,0.215296,42.745444,15.34680625,345.96,19.8736005797,59.7529
0.22188,20,6.96,1,0.464,7.691,51.8,4.3665,3,223,18.6,390.77,6.58,35.2,0.0492307344,0.215296,59.151481,19.06632225,345.96,19.7679032778,43.2964
0.05644,40,6.41,1,0.447,6.758,32.9,4.0776,4,254,17.6,396.9,3.53,32.4,0.0031854736,0.199809,45.670564,16.62682176,309.76,19.9223492591,12.4609
0.09604,40,6.41,0,0.447,6.854,42.8,4.2673,4,254,17.6,396.9,2.98,32,0.0092236816,0.199809,46.977316,18.20984929,309.76,19.9223492591,8.8804
0.10469,40,6.41,1,0.447,7.267,49,4.7872,4,254,17.6,389.25,6.05,33.2,0.0109599961,0.199809,52.809289,22.91728384,309.76,19.7294196569,36.6025
0.06127,40,6.41,1,0.447,6.826,27.6,4.8628,4,254,17.6,393.45,4.16,33.1,0.0037540129,0.199809,46.594276,23.64682384,309.76,19.8355741031,17.3056
0.07978,40,6.41,0,0.447,6.482,32.1,4.1403,4,254,17.6,396.9,7.19,29.1,0.0063648484,0.199809,42.016324,17.14208409,309.76,19.9223492591,51.6961
0.21038,20,3.33,0,0.4429,6.812,32.2,4.1007,5,216,14.9,396.9,4.85,35.1,0.0442597444,0.19616041,46.403344,16.81574049,222.01,19.9223492591,23.5225
0.03578,20,3.33,0,0.4429,7.82,64.5,4.6947,5,216,14.9,387.31,3.76,45.4,0.0012802084,0.19616041,61.1524,22.04020809,222.01,19.6801930885,14.1376
0.03705,20,3.33,0,0.4429,6.968,37.2,5.2447,5,216,14.9,392.23,4.59,35.4,0.0013727025,0.19616041,48.553024,27.50687809,222.01,19.8047973986,21.0681
0.06129,20,3.33,1,0.4429,7.645,49.7,5.2119,5,216,14.9,377.07,3.01,46,0.0037564641,0.19616041,58.446025,27.16390161,222.01,19.418290347,9.0601
0.01501,90,1.21,1,0.401,7.923,24.8,5.885,1,198,13.6,395.52,3.16,50,0.0002253001,0.160801,62.773929,34.633225,184.96,19.8876846314,9.9856
0.00906,90,2.97,0,0.4,7.088,20.8,7.3073,1,285,15.3,394.72,7.85,32.2,8.20836E-05,0.16,50.239744,53.39663329,234.09,19.8675615011,61.6225
0.01096,55,2.25,0,0.389,6.453,31.9,7.3073,1,300,15.3,394.72,8.23,22,0.0001201216,0.151321,41.641209,53.39663329,234.09,19.8675615011,67.7329
0.01965,80,1.76,0,0.385,6.23,31.5,9.0892,1,241,18.2,341.6,12.93,20.1,0.0003861225,0.148225,38.8129,82.61355664,331.24,18.4824240834,167.1849
0.03871,52.5,5.32,0,0.405,6.209,31.3,7.3172,6,293,16.6,396.9,7.14,23.2,0.0014984641,0.164025,38.551681,53.54141584,275.56,19.9223492591,50.9796
0.0459,52.5,5.32,0,0.405,6.315,45.6,7.3172,6,293,16.6,396.9,7.6,22.3,0.00210681,0.164025,39.879225,53.54141584,275.56,19.9223492591,57.76
0.04297,52.5,5.32,0,0.405,6.565,22.9,7.3172,6,293,16.6,371.72,9.51,24.8,0.0018464209,0.164025,43.099225,53.54141584,275.56,19.2800414937,90.4401
0.03502,80,4.95,0,0.411,6.861,27.9,5.1167,4,245,19.2,396.9,3.33,28.5,0.0012264004,0.168921,47.073321,26.18061889,368.64,19.9223492591,11.0889
0.07886,80,4.95,0,0.411,7.148,27.7,5.1167,4,245,19.2,396.9,3.56,37.3,0.0062188996,0.168921,51.093904,26.18061889,368.64,19.9223492591,12.6736
0.03615,80,4.95,0,0.411,6.63,23.4,5.1167,4,245,19.2,396.9,4.7,27.9,0.0013068225,0.168921,43.9569,26.18061889,368.64,19.9223492591,22.09
0.08265,0,13.92,0,0.437,6.127,18.4,5.5027,4,289,16,396.9,8.58,23.9,0.0068310225,0.190969,37.540129,30.27970729,256,19.9223492591,73.6164
0.08199,0,13.92,0,0.437,6.009,42.3,5.5027,4,289,16,396.9,10.4,21.7,0.0067223601,0.190969,36.108081,30.27970729,256,19.9223492591,108.16
0.12932,0,13.92,0,0.437,6.678,31.1,5.9604,4,289,16,396.9,6.27,28.6,0.0167236624,0.190969,44.595684,35.52636816,256,19.9223492591,39.3129
0.05372,0,13.92,0,0.437,6.549,51,5.9604,4,289,16,392.85,7.39,27.1,0.0028858384,0.190969,42.889401,35.52636816,256,19.820443991,54.6121
0.14103,0,13.92,0,0.437,5.79,58,6.32,4,289,16,396.9,15.84,20.3,0.0198894609,0.190969,33.5241,39.9424,256,19.9223492591,250.9056
0.06466,70,2.24,0,0.4,6.345,20.1,7.8278,5,358,14.8,368.24,4.97,22.5,0.0041809156,0.16,40.259025,61.27445284,219.04,19.1895805061,24.7009
0.05561,70,2.24,0,0.4,7.041,10,7.8278,5,358,14.8,371.58,4.74,29,0.0030924721,0.16,49.575681,61.27445284,219.04,19.2764104542,22.4676
0.04417,70,2.24,0,0.4,6.871,47.4,7.8278,5,358,14.8,390.86,6.07,24.8,0.0019509889,0.16,47.210641,61.27445284,219.04,19.7701795642,36.8449
0.03537,34,6.09,0,0.433,6.59,40.4,5.4917,7,329,16.1,395.75,9.5,22,0.0012510369,0.187489,43.4281,30.15876889,259.21,19.8934662641,90.25
0.09266,34,6.09,0,0.433,6.495,18.4,5.4917,7,329,16.1,383.61,8.67,26.4,0.0085858756,0.187489,42.185025,30.15876889,259.21,19.5859643623,75.1689
0.1,34,6.09,0,0.433,6.982,17.7,5.4917,7,329,16.1,390.43,4.86,33.1,0.01,0.187489,48.748324,30.15876889,259.21,19.7593016071,23.6196
0.05515,33,2.18,0,0.472,7.236,41.1,4.022,7,222,18.4,393.68,6.93,36.1,0.0030415225,0.222784,52.359696,16.176484,338.56,19.8413709204,48.0249
0.05479,33,2.18,0,0.472,6.616,58.1,3.37,7,222,18.4,393.36,8.93,28.4,0.0030019441,0.222784,43.771456,11.3569,338.56,19.8333053221,79.7449
0.07503,33,2.18,0,0.472,7.42,71.9,3.0992,7,222,18.4,396.9,6.47,33.4,0.0056295009,0.222784,55.0564,9.60504064,338.56,19.9223492591,41.8609
0.04932,33,2.18,0,0.472,6.849,70.3,3.1827,7,222,18.4,396.9,7.53,28.2,0.0024324624,0.222784,46.908801,10.12957929,338.56,19.9223492591,56.7009
0.49298,0,9.9,0,0.544,6.635,82.5,3.3175,4,304,18.4,396.9,4.54,22.8,0.2430292804,0.295936,44.023225,11.00580625,338.56,19.9223492591,20.6116
0.3494,0,9.9,0,0.544,5.972,76.7,3.1025,4,304,18.4,396.24,9.97,20.3,0.12208036,0.295936,35.664784,9.62550625,338.56,19.9057780556,99.4009
2.63548,0,9.9,0,0.544,4.973,37.8,2.5194,4,304,18.4,350.45,12.64,16.1,6.9457548304,0.295936,24.730729,6.34737636,338.56,18.7203098265,159.7696
0.79041,0,9.9,0,0.544,6.122,52.8,2.6403,4,304,18.4,396.9,5.98,22.1,0.6247479681,0.295936,37.478884,6.97118409,338.56,19.9223492591,35.7604
0.26169,0,9.9,0,0.544,6.023,90.4,2.834,4,304,18.4,396.3,11.72,19.4,0.0684816561,0.295936,36.276529,8.031556,338.56,19.9072850987,137.3584
0.26938,0,9.9,0,0.544,6.266,82.8,3.2628,4,304,18.4,393.39,7.9,21.6,0.0725655844,0.295936,39.262756,10.64586384,338.56,19.8340616113,62.41
0.3692,0,9.9,0,0.544,6.567,87.3,3.6023,4,304,18.4,395.69,9.28,23.8,0.13630864,0.295936,43.125489,12.97656529,338.56,19.8919581741,86.1184
0.25356,0,9.9,0,0.544,5.705,77.7,3.945,4,304,18.4,396.42,11.5,16.2,0.0642926736,0.295936,32.547025,15.563025,338.56,19.9102988426,132.25
0.31827,0,9.9,0,0.544,5.914,83.2,3.9986,4,304,18.4,390.7,18.33,17.8,0.1012957929,0.295936,34.975396,15.98880196,338.56,19.7661326516,335.9889
0.24522,0,9.9,0,0.544,5.782,71.7,4.0317,4,304,18.4,396.9,15.94,19.8,0.0601328484,0.295936,33.431524,16.25460489,338.56,19.9223492591,254.0836
0.40202,0,9.9,0,0.544,6.382,67.2,3.5325,4,304,18.4,395.21,10.36,23.1,0.1616200804,0.295936,40.729924,12.47855625,338.56,19.8798893357,107.3296
0.47547,0,9.9,0,0.544,6.113,58.8,4.0019,4,304,18.4,396.23,12.73,21,0.2260717209,0.295936,37.368769,16.01520361,338.56,19.9055268707,162.0529
0.1676,0,7.38,0,0.493,6.426,52.3,4.5404,5,287,19.6,396.9,7.2,23.8,0.02808976,0.243049,41.293476,20.61523216,384.16,19.9223492591,51.84
0.18159,0,7.38,0,0.493,6.376,54.3,4.5404,5,287,19.6,396.9,6.87,23.1,0.0329749281,0.243049,40.653376,20.61523216,384.16,19.9223492591,47.1969
0.35114,0,7.38,0,0.493,6.041,49.9,4.7211,5,287,19.6,396.9,7.7,20.4,0.1232992996,0.243049,36.493681,22.28878521,384.16,19.9223492591,59.29
0.28392,0,7.38,0,0.493,5.708,74.3,4.7211,5,287,19.6,391.13,11.74,18.5,0.0806105664,0.243049,32.581264,22.28878521,384.16,19.7770068514,137.8276
0.34109,0,7.38,0,0.493,6.415,40.1,4.7211,5,287,19.6,396.9,6.12,25,0.1163423881,0.243049,41.152225,22.28878521,384.16,19.9223492591,37.4544
0.19186,0,7.38,0,0.493,6.431,14.7,5.4159,5,287,19.6,393.68,5.08,24.6,0.0368102596,0.243049,41.357761,29.33197281,384.16,19.8413709204,25.8064
0.30347,0,7.38,0,0.493,6.312,28.9,5.4159,5,287,19.6,396.9,6.15,23,0.0920940409,0.243049,39.841344,29.33197281,384.16,19.9223492591,37.8225
0.24103,0,7.38,0,0.493,6.083,43.7,5.4159,5,287,19.6,396.9,12.79,22.2,0.0580954609,0.243049,37.002889,29.33197281,384.16,19.9223492591,163.5841
0.06617,0,3.24,0,0.46,5.868,25.8,5.2146,4,430,16.9,382.44,9.97,19.3,0.0043784689,0.2116,34.433424,27.19205316,285.61,19.5560732255,99.4009
0.06724,0,3.24,0,0.46,6.333,17.2,5.2146,4,430,16.9,375.21,7.34,22.6,0.0045212176,0.2116,40.106889,27.19205316,285.61,19.3703381488,53.8756
0.04544,0,3.24,0,0.46,6.144,32.2,5.8736,4,430,16.9,368.57,9.09,19.8,0.0020647936,0.2116,37.748736,34.49917696,285.61,19.1981769968,82.6281
0.05023,35,6.06,0,0.4379,5.706,28.4,6.6407,1,304,16.9,394.02,12.43,17.1,0.0025230529,0.19175641,32.558436,44.09889649,285.61,19.8499370276,154.5049
0.03466,35,6.06,0,0.4379,6.031,23.3,6.6407,1,304,16.9,362.25,7.83,19.4,0.0012013156,0.19175641,36.372961,44.09889649,285.61,19.0328663107,61.3089
0.05083,0,5.19,0,0.515,6.316,38.1,6.4584,5,224,20.2,389.71,5.68,22.2,0.0025836889,0.265225,39.891856,41.71093056,408.04,19.7410739323,32.2624
0.03738,0,5.19,0,0.515,6.31,38.5,6.4584,5,224,20.2,389.4,6.75,20.7,0.0013972644,0.265225,39.8161,41.71093056,408.04,19.7332207204,45.5625
0.03961,0,5.19,0,0.515,6.037,34.5,5.9853,5,224,20.2,396.9,8.01,21.1,0.0015689521,0.265225,36.445369,35.82381609,408.04,19.9223492591,64.1601
0.03427,0,5.19,0,0.515,5.869,46.3,5.2311,5,224,20.2,396.9,9.8,19.5,0.0011744329,0.265225,34.445161,27.36440721,408.04,19.9223492591,96.04
0.03041,0,5.19,0,0.515,5.895,59.6,5.615,5,224,20.2,394.81,10.56,18.5,0.0009247681,0.265225,34.751025,31.528225,408.04,19.8698263707,111.5136
0.03306,0,5.19,0,0.515,6.059,37.3,4.8122,5,224,20.2,396.14,8.51,20.6,0.0010929636,0.265225,36.711481,23.15726884,408.04,19.9032660636,72.4201
0.05497,0,5.19,0,0.515,5.985,45.4,4.8122,5,224,20.2,396.9,9.74,19,0.0030217009,0.265225,35.820225,23.15726884,408.04,19.9223492591,94.8676
0.06151,0,5.19,0,0.515,5.968,58.5,4.8122,5,224,20.2,396.9,9.29,18.7,0.0037834801,0.265225,35.617024,23.15726884,408.04,19.9223492591,86.3041
0.01301,35,1.52,0,0.442,7.241,49.3,7.0379,1,284,15.5,394.74,5.49,32.7,0.0001692601,0.195364,52.432081,49.53203641,240.25,19.8680648278,30.1401
0.02498,0,1.89,0,0.518,6.54,59.7,6.2669,1,422,15.9,389.96,8.65,16.5,0.0006240004,0.268324,42.7716,39.27403561,252.81,19.7474048928,74.8225
0.02543,55,3.78,0,0.484,6.696,56.4,5.7321,5,370,17.6,396.9,7.18,23.9,0.0006466849,0.234256,44.836416,32.85697041,309.76,19.9223492591,51.5524
0.03049,55,3.78,0,0.484,6.874,28.1,6.4654,5,370,17.6,387.97,4.61,31.2,0.0009296401,0.234256,47.251876,41.80139716,309.76,19.6969540792,21.2521
0.03113,0,4.39,0,0.442,6.014,48.5,8.0136,3,352,18.8,385.64,10.53,17.5,0.0009690769,0.195364,36.168196,64.21778496,353.44,19.6377188085,110.8809
0.06162,0,4.39,0,0.442,5.898,52.3,8.0136,3,352,18.8,364.61,12.67,17.2,0.0037970244,0.195364,34.786404,64.21778496,353.44,19.0947636801,160.5289
0.0187,85,4.15,0,0.429,6.516,27.7,8.5353,4,351,17.9,392.43,6.36,23.1,0.00034969,0.184041,42.458256,72.85134609,320.41,19.8098460368,40.4496
0.01501,80,2.01,0,0.435,6.635,29.7,8.344,4,280,17,390.94,5.99,24.5,0.0002253001,0.189225,44.023225,69.622336,289,19.7722027099,35.8801
0.02899,40,1.25,0,0.429,6.939,34.5,8.7921,1,335,19.7,389.85,5.89,26.6,0.0008404201,0.184041,48.149721,77.30102241,388.09,19.7446195203,34.6921
0.06211,40,1.25,0,0.429,6.49,44.4,8.7921,1,335,19.7,396.9,5.98,22.9,0.0038576521,0.184041,42.1201,77.30102241,388.09,19.9223492591,35.7604
0.0795,60,1.69,0,0.411,6.579,35.9,10.7103,4,411,18.3,370.78,5.49,24.1,0.00632025,0.168921,43.283241,114.71052609,334.89,19.2556485219,30.1401
0.07244,60,1.69,0,0.411,5.884,18.5,10.7103,4,411,18.3,392.33,7.79,18.6,0.0052475536,0.168921,34.621456,114.71052609,334.89,19.8073218785,60.6841
0.01709,90,2.02,0,0.41,6.728,36.1,12.1265,5,187,17,384.46,4.5,30.1,0.0002920681,0.1681,45.265984,147.05200225,289,19.6076515677,20.25
0.04301,80,1.91,0,0.413,5.663,21.9,10.5857,4,334,22,382.8,8.05,18.2,0.0018498601,0.170569,32.069569,112.05704449,484,19.5652753622,64.8025
0.10659,80,1.91,0,0.413,5.936,19.5,10.5857,4,334,22,376.04,5.57,20.6,0.0113614281,0.170569,35.236096,112.05704449,484,19.3917508235,31.0249
8.98296,0,18.1,1,0.77,6.212,97.4,2.1222,24,666,20.2,377.73,17.6,17.8,80.6935703616,0.5929,38.588944,4.50373284,408.04,19.4352772041,309.76
3.8497,0,18.1,1,0.77,6.395,91,2.5052,24,666,20.2,391.34,13.27,21.7,14.82019009,0.5929,40.896025,6.27602704,408.04,19.7823153347,176.0929
5.20177,0,18.1,1,0.77,6.127,83.4,2.7227,24,666,20.2,395.43,11.48,22.7,27.0584111329,0.5929,37.540129,7.41309529,408.04,19.8854217959,131.7904
4.26131,0,18.1,0,0.77,6.112,81.3,2.5091,24,666,20.2,390.74,12.67,22.6,18.1587629161,0.5929,37.356544,6.29558281,408.04,19.7671444574,160.5289
4.54192,0,18.1,0,0.77,6.398,88,2.5182,24,666,20.2,374.56,7.79,25,20.6290372864,0.5929,40.934404,6.34133124,408.04,19.3535526454,60.6841
3.83684,0,18.1,0,0.77,6.251,91.1,2.2955,24,666,20.2,350.65,14.19,19.9,14.7213411856,0.5929,39.075001,5.26932025,408.04,18.7256508565,201.3561
3.67822,0,18.1,0,0.77,5.362,96.2,2.1036,24,666,20.2,380.79,10.19,20.8,13.5293023684,0.5929,28.751044,4.42513296,408.04,19.5138412415,103.8361
4.22239,0,18.1,1,0.77,5.803,89,1.9047,24,666,20.2,353.04,14.64,16.8,17.8285773121,0.5929,33.674809,3.62788209,408.04,18.7893586905,214.3296
3.47428,0,18.1,1,0.718,8.78,82.9,1.9047,24,666,20.2,354.55,5.29,21.9,12.0706215184,0.515524,77.0884,3.62788209,408.04,18.8294981346,27.9841
4.55587,0,18.1,0,0.718,3.561,87.9,1.6132,24,666,20.2,354.7,7.12,27.5,20.7559514569,0.515524,12.680721,2.60241424,408.04,18.8334808254,50.6944
3.69695,0,18.1,0,0.718,4.963,91.4,1.7523,24,666,20.2,316.03,14,21.9,13.6674393025,0.515524,24.631369,3.07055529,408.04,17.7772326305,196
13.5222,0,18.1,0,0.631,3.863,100,1.5106,24,666,20.2,131.42,13.33,23.1,182.84989284,0.398161,14.922769,2.28191236,408.04,11.4638562447,177.6889
4.89822,0,18.1,0,0.631,4.97,100,1.3325,24,666,20.2,375.52,3.26,50,23.9925591684,0.398161,24.7009,1.77555625,408.04,19.3783384221,10.6276
5.66998,0,18.1,1,0.631,6.683,96.8,1.3567,24,666,20.2,375.33,3.73,50,32.1486732004,0.398161,44.662489,1.84063489,408.04,19.3734354207,13.9129
6.53876,0,18.1,1,0.631,7.016,97.5,1.2024,24,666,20.2,392.05,2.96,50,42.7553823376,0.398161,49.224256,1.44576576,408.04,19.8002525236,8.7616
9.2323,0,18.1,0,0.631,6.216,100,1.1691,24,666,20.2,366.15,9.53,50,85.23536329,0.398161,38.638656,1.36679481,408.04,19.1350463809,90.8209
8.26725,0,18.1,1,0.668,5.875,89.6,1.1296,24,666,20.2,347.88,8.88,50,68.3474225625,0.446224,34.515625,1.27599616,408.04,18.6515414913,78.8544
11.1081,0,18.1,0,0.668,4.906,100,1.1742,24,666,20.2,396.9,34.77,13.8,123.38988561,0.446224,24.068836,1.37874564,408.04,19.9223492591,1208.9529
18.4982,0,18.1,0,0.668,4.138,100,1.137,24,666,20.2,396.9,37.97,13.8,342.18340324,0.446224,17.123044,1.292769,408.04,19.9223492591,1441.7209
19.6091,0,18.1,0,0.671,7.313,97.9,1.3163,24,666,20.2,396.9,13.44,15,384.51680281,0.450241,53.479969,1.73264569,408.04,19.9223492591,180.6336
15.288,0,18.1,0,0.671,6.649,93.3,1.3449,24,666,20.2,363.02,23.24,13.9,233.722944,0.450241,44.209201,1.80875601,408.04,19.0530837399,540.0976
9.82349,0,18.1,0,0.671,6.794,98.8,1.358,24,666,20.2,396.9,21.24,13.3,96.5009557801,0.450241,46.158436,1.844164,408.04,19.9223492591,451.1376
23.6482,0,18.1,0,0.671,6.38,96.2,1.3861,24,666,20.2,396.9,23.69,13.1,559.23736324,0.450241,40.7044,1.92127321,408.04,19.9223492591,561.2161
17.8667,0,18.1,0,0.671,6.223,100,1.3861,24,666,20.2,393.74,21.78,10.2,319.21896889,0.450241,38.725729,1.92127321,408.04,19.8428828551,474.3684
88.9762,0,18.1,0,0.671,6.968,91.9,1.4165,24,666,20.2,396.9,17.21,10.4,7916.76416644,0.450241,48.553024,2.00647225,408.04,19.9223492591,296.1841
15.8744,0,18.1,0,0.671,6.545,99.1,1.5192,24,666,20.2,396.9,21.08,10.9,251.99657536,0.450241,42.837025,2.30796864,408.04,19.9223492591,444.3664
9.18702,0,18.1,0,0.7,5.536,100,1.5804,24,666,20.2,396.9,23.6,11.3,84.4013364804,0.49,30.647296,2.49766416,408.04,19.9223492591,556.96
7.99248,0,18.1,0,0.7,5.52,100,1.5331,24,666,20.2,396.9,24.56,12.3,63.8797365504,0.49,30.4704,2.35039561,408.04,19.9223492591,603.1936
20.0849,0,18.1,0,0.7,4.368,91.2,1.4395,24,666,20.2,285.83,30.63,8.8,403.40320801,0.49,19.079424,2.07216025,408.04,16.9065076228,938.1969
16.8118,0,18.1,0,0.7,5.277,98.1,1.4261,24,666,20.2,396.9,30.81,7.2,282.63661924,0.49,27.846729,2.03376121,408.04,19.9223492591,949.2561
24.3938,0,18.1,0,0.7,4.652,100,1.4672,24,666,20.2,396.9,28.28,10.5,595.05747844,0.49,21.641104,2.15267584,408.04,19.9223492591,799.7584
22.5971,0,18.1,0,0.7,5,89.5,1.5184,24,666,20.2,396.9,31.99,7.4,510.62892841,0.49,25,2.30553856,408.04,19.9223492591,1023.3601
14.3337,0,18.1,0,0.7,4.88,100,1.5895,24,666,20.2,372.92,30.62,10.2,205.45495569,0.49,23.8144,2.52651025,408.04,19.3111366833,937.5844
8.15174,0,18.1,0,0.7,5.39,98.9,1.7281,24,666,20.2,396.9,20.85,11.5,66.4508650276,0.49,29.0521,2.98632961,408.04,19.9223492591,434.7225
6.96215,0,18.1,0,0.7,5.713,97,1.9265,24,666,20.2,394.43,17.11,15.1,48.4715326225,0.49,32.638369,3.71140225,408.04,19.8602618311,292.7521
5.29305,0,18.1,0,0.7,6.051,82.5,2.1678,24,666,20.2,378.38,18.76,23.2,28.0163783025,0.49,36.614601,4.69935684,408.04,19.4519921859,351.9376
11.5779,0,18.1,0,0.7,5.036,97,1.77,24,666,20.2,396.9,25.68,9.7,134.04776841,0.49,25.361296,3.1329,408.04,19.9223492591,659.4624
8.64476,0,18.1,0,0.693,6.193,92.6,1.7912,24,666,20.2,396.9,15.17,13.8,74.7318754576,0.480249,38.353249,3.20839744,408.04,19.9223492591,230.1289
13.3598,0,18.1,0,0.693,5.887,94.7,1.7821,24,666,20.2,396.9,16.35,12.7,178.48425604,0.480249,34.656769,3.17588041,408.04,19.9223492591,267.3225
8.71675,0,18.1,0,0.693,6.471,98.8,1.7257,24,666,20.2,391.98,17.12,13.1,75.9817305625,0.480249,41.873841,2.97804049,408.04,19.7984847905,293.0944
5.87205,0,18.1,0,0.693,6.405,96,1.6768,24,666,20.2,396.9,19.37,12.5,34.4809712025,0.480249,41.024025,2.81165824,408.04,19.9223492591,375.1969
7.67202,0,18.1,0,0.693,5.747,98.9,1.6334,24,666,20.2,393.1,19.92,8.5,58.8598908804,0.480249,33.028009,2.66799556,408.04,19.8267496075,396.8064
38.3518,0,18.1,0,0.693,5.453,100,1.4896,24,666,20.2,396.9,30.59,5,1470.86056324,0.480249,29.735209,2.21890816,408.04,19.9223492591,935.7481
9.91655,0,18.1,0,0.693,5.852,77.8,1.5004,24,666,20.2,338.16,29.97,6.3,98.3379639025,0.480249,34.245904,2.25120016,408.04,18.3891272224,898.2009
25.0461,0,18.1,0,0.693,5.987,100,1.5888,24,666,20.2,396.9,26.77,5.6,627.30712521,0.480249,35.844169,2.52428544,408.04,19.9223492591,716.6329
14.2362,0,18.1,0,0.693,6.343,100,1.5741,24,666,20.2,396.9,20.32,7.2,202.66939044,0.480249,40.233649,2.47779081,408.04,19.9223492591,412.9024
9.59571,0,18.1,0,0.693,6.404,100,1.639,24,666,20.2,376.11,20.31,12.1,92.0776504041,0.480249,41.011216,2.686321,408.04,19.3935556307,412.4961
24.8017,0,18.1,0,0.693,5.349,96,1.7028,24,666,20.2,396.9,19.77,8.3,615.12432289,0.480249,28.611801,2.89952784,408.04,19.9223492591,390.8529
41.5292,0,18.1,0,0.693,5.531,85.4,1.6074,24,666,20.2,329.46,27.38,8.5,1724.67445264,0.480249,30.591961,2.58373476,408.04,18.1510330285,749.6644
67.9208,0,18.1,0,0.693,5.683,100,1.4254,24,666,20.2,384.97,22.98,5,4613.23507264,0.480249,32.296489,2.03176516,408.04,19.6206523847,528.0804
20.7162,0,18.1,0,0.659,4.138,100,1.1781,24,666,20.2,370.22,23.34,11.9,429.16094244,0.434281,17.123044,1.38791961,408.04,19.2411018396,544.7556
11.9511,0,18.1,0,0.659,5.608,100,1.2852,24,666,20.2,332.09,12.13,27.9,142.82879121,0.434281,31.449664,1.65173904,408.04,18.2233366868,147.1369
7.40389,0,18.1,0,0.597,5.617,97.9,1.4547,24,666,20.2,314.64,26.4,17.2,54.8175871321,0.356409,31.550689,2.11615209,408.04,17.7380945989,696.96
14.4383,0,18.1,0,0.597,6.852,100,1.4655,24,666,20.2,179.36,19.78,27.5,208.46450689,0.356409,46.949904,2.14769025,408.04,13.3925352342,391.2484
51.1358,0,18.1,0,0.597,5.757,100,1.413,24,666,20.2,2.6,10.11,15,2614.87004164,0.356409,33.143049,1.996569,408.04,1.6124515497,102.2121
14.0507,0,18.1,0,0.597,6.657,100,1.5275,24,666,20.2,35.05,21.22,17.2,197.42217049,0.356409,44.315649,2.33325625,408.04,5.9203040462,450.2884
18.811,0,18.1,0,0.597,4.628,100,1.5539,24,666,20.2,28.79,34.37,17.9,353.853721,0.356409,21.418384,2.41460521,408.04,5.3656313701,1181.2969
28.6558,0,18.1,0,0.597,5.155,100,1.5894,24,666,20.2,210.97,20.08,16.3,821.15487364,0.356409,26.574025,2.52619236,408.04,14.524806367,403.2064
45.7461,0,18.1,0,0.693,4.519,100,1.6582,24,666,20.2,88.27,36.98,7,2092.70566521,0.480249,20.421361,2.74962724,408.04,9.3952115463,1367.5204
18.0846,0,18.1,0,0.679,6.434,100,1.8347,24,666,20.2,27.25,29.05,7.2,327.05275716,0.461041,41.396356,3.36612409,408.04,5.2201532545,843.9025
10.8342,0,18.1,0,0.679,6.782,90.8,1.8195,24,666,20.2,21.57,25.79,7.5,117.37988964,0.461041,45.995524,3.31058025,408.04,4.6443514079,665.1241
25.9406,0,18.1,0,0.679,5.304,89.1,1.6475,24,666,20.2,127.36,26.64,10.4,672.91472836,0.461041,28.132416,2.71425625,408.04,11.2853887837,709.6896
73.5341,0,18.1,0,0.679,5.957,100,1.8026,24,666,20.2,16.45,20.62,8.8,5407.26386281,0.461041,35.485849,3.24936676,408.04,4.0558599581,425.1844
11.8123,0,18.1,0,0.718,6.824,76.5,1.794,24,666,20.2,48.45,22.74,8.4,139.53043129,0.515524,46.566976,3.218436,408.04,6.9606034221,517.1076
11.0874,0,18.1,0,0.718,6.411,100,1.8589,24,666,20.2,318.75,15.02,16.7,122.93043876,0.515524,41.100921,3.45550921,408.04,17.8535710714,225.6004
7.02259,0,18.1,0,0.718,6.006,95.3,1.8746,24,666,20.2,319.98,15.7,14.2,49.3167703081,0.515524,36.072036,3.51412516,408.04,17.8879847943,246.49
12.0482,0,18.1,0,0.614,5.648,87.6,1.9512,24,666,20.2,291.55,14.1,20.8,145.15912324,0.376996,31.899904,3.80718144,408.04,17.0748352847,198.81
7.05042,0,18.1,0,0.614,6.103,85.1,2.0218,24,666,20.2,2.52,23.29,13.4,49.7084221764,0.376996,37.246609,4.08767524,408.04,1.5874507866,542.4241
8.79212,0,18.1,0,0.584,5.565,70.6,2.0635,24,666,20.2,3.65,17.16,11.7,77.3013740944,0.341056,30.969225,4.25803225,408.04,1.9104973175,294.4656
15.8603,0,18.1,0,0.679,5.896,95.4,1.9096,24,666,20.2,7.68,24.39,8.3,251.54911609,0.461041,34.762816,3.64657216,408.04,2.7712812921,594.8721
12.2472,0,18.1,0,0.584,5.837,59.7,1.9976,24,666,20.2,24.65,15.69,10.2,149.99390784,0.341056,34.070569,3.99040576,408.04,4.9648766349,246.1761
37.6619,0,18.1,0,0.679,6.202,78.7,1.8629,24,666,20.2,18.82,14.52,10.9,1418.41871161,0.461041,38.464804,3.47039641,408.04,4.3382023927,210.8304
7.36711,0,18.1,0,0.679,6.193,78.1,1.9356,24,666,20.2,96.73,21.52,11,54.2743097521,0.461041,38.353249,3.74654736,408.04,9.8351410768,463.1104
9.33889,0,18.1,0,0.679,6.38,95.6,1.9682,24,666,20.2,60.72,24.08,9.5,87.2148664321,0.461041,40.7044,3.87381124,408.04,7.7923038955,579.8464
8.49213,0,18.1,0,0.584,6.348,86.1,2.0527,24,666,20.2,83.45,17.64,14.5,72.1162719369,0.341056,40.297104,4.21357729,408.04,9.1350971533,311.1696
10.0623,0,18.1,0,0.584,6.833,94.3,2.0882,24,666,20.2,81.33,19.69,14.1,101.24988129,0.341056,46.689889,4.36057924,408.04,9.0183146984,387.6961
6.44405,0,18.1,0,0.584,6.425,74.8,2.2004,24,666,20.2,97.95,12.03,16.1,41.5257804025,0.341056,41.280625,4.84176016,408.04,9.8969692331,144.7209
5.58107,0,18.1,0,0.713,6.436,87.9,2.3158,24,666,20.2,100.19,16.22,14.3,31.1483423449,0.508369,41.422096,5.36292964,408.04,10.0094954918,263.0884
13.9134,0,18.1,0,0.713,6.208,95,2.2222,24,666,20.2,100.63,15.17,11.7,193.58269956,0.508369,38.539264,4.93817284,408.04,10.0314505432,230.1289
11.1604,0,18.1,0,0.74,6.629,94.6,2.1247,24,666,20.2,109.85,23.27,13.4,124.55452816,0.5476,43.943641,4.51435009,408.04,10.4809350728,541.4929
14.4208,0,18.1,0,0.74,6.461,93.3,2.0026,24,666,20.2,27.49,18.05,9.6,207.95947264,0.5476,41.744521,4.01040676,408.04,5.2430906916,325.8025
15.1772,0,18.1,0,0.74,6.152,100,1.9142,24,666,20.2,9.32,26.45,8.7,230.34739984,0.5476,37.847104,3.66416164,408.04,3.0528675045,699.6025
13.6781,0,18.1,0,0.74,5.935,87.9,1.8206,24,666,20.2,68.95,34.02,8.4,187.09041961,0.5476,35.224225,3.31458436,408.04,8.3036136712,1157.3604
9.39063,0,18.1,0,0.74,5.627,93.9,1.8172,24,666,20.2,396.9,22.88,12.8,88.1839317969,0.5476,31.663129,3.30221584,408.04,19.9223492591,523.4944
22.0511,0,18.1,0,0.74,5.818,92.4,1.8662,24,666,20.2,391.45,22.11,10.5,486.25101121,0.5476,33.849124,3.48270244,408.04,19.7850954003,488.8521
9.72418,0,18.1,0,0.74,6.406,97.2,2.0651,24,666,20.2,385.96,19.52,17.1,94.5596766724,0.5476,41.036836,4.26463801,408.04,19.6458647048,381.0304
5.66637,0,18.1,0,0.74,6.219,100,2.0048,24,666,20.2,395.69,16.59,18.4,32.1077489769,0.5476,38.675961,4.01922304,408.04,19.8919581741,275.2281
9.96654,0,18.1,0,0.74,6.485,100,1.9784,24,666,20.2,386.73,18.85,15.4,99.3319195716,0.5476,42.055225,3.91406656,408.04,19.6654519399,355.3225
12.8023,0,18.1,0,0.74,5.854,96.6,1.8956,24,666,20.2,240.52,23.79,10.8,163.89888529,0.5476,34.269316,3.59329936,408.04,15.5087072317,565.9641
10.6718,0,18.1,0,0.74,6.459,94.8,1.9879,24,666,20.2,43.06,23.98,11.8,113.88731524,0.5476,41.718681,3.95174641,408.04,6.5620118866,575.0404
6.28807,0,18.1,0,0.74,6.341,96.4,2.072,24,666,20.2,318.01,17.79,14.9,39.5398243249,0.5476,40.208281,4.293184,408.04,17.832834884,316.4841
9.92485,0,18.1,0,0.74,6.251,96.6,2.198,24,666,20.2,388.52,16.44,12.6,98.5026475225,0.5476,39.075001,4.831204,408.04,19.7109106842,270.2736
9.32909,0,18.1,0,0.713,6.185,98.7,2.2616,24,666,20.2,396.9,18.13,14.1,87.0319202281,0.508369,38.254225,5.11483456,408.04,19.9223492591,328.6969
7.52601,0,18.1,0,0.713,6.417,98.3,2.185,24,666,20.2,304.21,19.31,13,56.6408265201,0.508369,41.177889,4.774225,408.04,17.4416168975,372.8761
6.71772,0,18.1,0,0.713,6.749,92.6,2.3236,24,666,20.2,0.32,17.44,13.4,45.1277619984,0.508369,45.549001,5.39911696,408.04,0.5656854249,304.1536
5.44114,0,18.1,0,0.713,6.655,98.2,2.3552,24,666,20.2,355.29,17.73,15.2,29.6060044996,0.508369,44.289025,5.54696704,408.04,18.8491379113,314.3529
5.09017,0,18.1,0,0.713,6.297,91.8,2.3682,24,666,20.2,385.09,17.27,16.1,25.9098306289,0.508369,39.652209,5.60837124,408.04,19.6237101487,298.2529
8.24809,0,18.1,0,0.713,7.393,99.3,2.4527,24,666,20.2,375.87,16.74,17.8,68.0309886481,0.508369,54.656449,6.01573729,408.04,19.3873670208,280.2276
9.51363,0,18.1,0,0.713,6.728,94.1,2.4961,24,666,20.2,6.68,18.71,14.9,90.5091557769,0.508369,45.265984,6.23051521,408.04,2.5845695967,350.0641
4.75237,0,18.1,0,0.713,6.525,86.5,2.4358,24,666,20.2,50.92,18.13,14.1,22.5850206169,0.508369,42.575625,5.93312164,408.04,7.13582511,328.6969
4.66883,0,18.1,0,0.713,5.976,87.9,2.5806,24,666,20.2,10.48,19.01,12.7,21.7979735689,0.508369,35.712576,6.65949636,408.04,3.2372828112,361.3801
8.20058,0,18.1,0,0.713,5.936,80.3,2.7792,24,666,20.2,3.5,16.94,13.5,67.2495123364,0.508369,35.236096,7.72395264,408.04,1.8708286934,286.9636
7.75223,0,18.1,0,0.713,6.301,83.7,2.7831,24,666,20.2,272.21,16.23,14.9,60.0970699729,0.508369,39.702601,7.74564561,408.04,16.4987878343,263.4129
6.80117,0,18.1,0,0.713,6.081,84.4,2.7175,24,666,20.2,396.9,14.7,20,46.2559133689,0.508369,36.978561,7.38480625,408.04,19.9223492591,216.09
4.81213,0,18.1,0,0.713,6.701,90,2.5975,24,666,20.2,255.23,16.42,16.4,23.1565951369,0.508369,44.903401,6.74700625,408.04,15.9759193789,269.6164
3.69311,0,18.1,0,0.713,6.376,88.4,2.5671,24,666,20.2,391.43,14.65,17.7,13.6390614721,0.508369,40.653376,6.59000241,408.04,19.7845899629,214.6225
6.65492,0,18.1,0,0.713,6.317,83,2.7344,24,666,20.2,396.9,13.99,19.5,44.2879602064,0.508369,39.904489,7.47694336,408.04,19.9223492591,195.7201
5.82115,0,18.1,0,0.713,6.513,89.9,2.8016,24,666,20.2,393.82,10.29,20.2,33.8857873225,0.508369,42.419169,7.84896256,408.04,19.8448985888,105.8841
7.83932,0,18.1,0,0.655,6.209,65.4,2.9634,24,666,20.2,396.9,13.22,21.4,61.4549380624,0.429025,38.551681,8.78173956,408.04,19.9223492591,174.7684
3.1636,0,18.1,0,0.655,5.759,48.2,3.0665,24,666,20.2,334.4,14.13,19.9,10.00836496,0.429025,33.166081,9.40342225,408.04,18.2866071211,199.6569
3.77498,0,18.1,0,0.655,5.952,84.7,2.8715,24,666,20.2,22.01,17.15,19,14.2504740004,0.429025,35.426304,8.24551225,408.04,4.6914816423,294.1225
4.42228,0,18.1,0,0.584,6.003,94.5,2.5403,24,666,20.2,331.29,21.32,19.1,19.5565603984,0.341056,36.036009,6.45312409,408.04,18.2013735745,454.5424
15.5757,0,18.1,0,0.58,5.926,71,2.9084,24,666,20.2,368.74,18.13,19.1,242.60243049,0.3364,35.117476,8.45879056,408.04,19.2026039901,328.6969
13.0751,0,18.1,0,0.58,5.713,56.7,2.8237,24,666,20.2,396.9,14.76,20.1,170.95824001,0.3364,32.638369,7.97328169,408.04,19.9223492591,217.8576
4.34879,0,18.1,0,0.58,6.167,84,3.0334,24,666,20.2,396.9,16.29,19.9,18.9119744641,0.3364,38.031889,9.20151556,408.04,19.9223492591,265.3641
4.03841,0,18.1,0,0.532,6.229,90.7,3.0993,24,666,20.2,395.33,12.87,19.6,16.3087553281,0.283024,38.800441,9.60566049,408.04,19.8829072321,165.6369
3.56868,0,18.1,0,0.58,6.437,75,2.8965,24,666,20.2,393.37,14.36,23.2,12.7354769424,0.3364,41.434969,8.38971225,408.04,19.8335574217,206.2096
4.64689,0,18.1,0,0.614,6.98,67.6,2.5329,24,666,20.2,374.68,11.66,29.8,21.5935866721,0.376996,48.7204,6.41558241,408.04,19.3566526032,135.9556
8.05579,0,18.1,0,0.584,5.427,95.4,2.4298,24,666,20.2,352.58,18.14,13.8,64.8957525241,0.341056,29.452329,5.90392804,408.04,18.7771137292,329.0596
6.39312,0,18.1,0,0.584,6.162,97.4,2.206,24,666,20.2,302.76,24.1,13.3,40.8719833344,0.341056,37.970244,4.866436,408.04,17.4,580.81
4.87141,0,18.1,0,0.614,6.484,93.6,2.3053,24,666,20.2,396.21,18.68,16.7,23.7306353881,0.376996,42.042256,5.31440809,408.04,19.9050244913,348.9424
15.0234,0,18.1,0,0.614,5.304,97.3,2.1007,24,666,20.2,349.48,24.91,12,225.70254756,0.376996,28.132416,4.41294049,408.04,18.6943841835,620.5081
10.233,0,18.1,0,0.614,6.185,96.7,2.1705,24,666,20.2,379.7,18.03,14.6,104.714289,0.376996,38.254225,4.71107025,408.04,19.4858923327,325.0809
14.3337,0,18.1,0,0.614,6.229,88,1.9512,24,666,20.2,383.32,13.11,21.4,205.45495569,0.376996,38.800441,3.80718144,408.04,19.5785597019,171.8721
5.82401,0,18.1,0,0.532,6.242,64.7,3.4242,24,666,20.2,396.9,10.74,23,33.9190924801,0.283024,38.962564,11.72514564,408.04,19.9223492591,115.3476
5.70818,0,18.1,0,0.532,6.75,74.9,3.3317,24,666,20.2,393.07,7.74,23.7,32.5833189124,0.283024,45.5625,11.10022489,408.04,19.8259930394,59.9076
5.73116,0,18.1,0,0.532,7.061,77,3.4106,24,666,20.2,395.28,7.01,25,32.8461949456,0.283024,49.857721,11.63219236,408.04,19.8816498309,49.1401
2.81838,0,18.1,0,0.532,5.762,40.3,4.0983,24,666,20.2,392.92,10.42,21.8,7.9432658244,0.283024,33.200644,16.79606289,408.04,19.8222097658,108.5764
2.37857,0,18.1,0,0.583,5.871,41.9,3.724,24,666,20.2,370.73,13.34,20.6,5.6575952449,0.339889,34.468641,13.868176,408.04,19.2543501578,177.9556
3.67367,0,18.1,0,0.583,6.312,51.9,3.9917,24,666,20.2,388.62,10.58,21.2,13.4958512689,0.339889,39.841344,15.93366889,408.04,19.7134471871,111.9364
5.69175,0,18.1,0,0.583,6.114,79.8,3.5459,24,666,20.2,392.68,14.98,19.1,32.3960180625,0.339889,37.380996,12.57340681,408.04,19.8161550256,224.4004
4.83567,0,18.1,0,0.583,5.905,53.2,3.1523,24,666,20.2,388.22,11.45,20.6,23.3837043489,0.339889,34.869025,9.93699529,408.04,19.7032992161,131.1025
0.15086,0,27.74,0,0.609,5.454,92.7,1.8209,4,711,20.1,395.09,18.06,15.2,0.0227587396,0.370881,29.746116,3.31567681,404.01,19.8768709811,326.1636
0.18337,0,27.74,0,0.609,5.414,98.3,1.7554,4,711,20.1,344.05,23.97,7,0.0336245569,0.370881,29.311396,3.08142916,404.01,18.5485848517,574.5609
0.20746,0,27.74,0,0.609,5.093,98,1.8226,4,711,20.1,318.43,29.68,8.1,0.0430396516,0.370881,25.938649,3.32187076,404.01,17.8446070285,880.9024
0.10574,0,27.74,0,0.609,5.983,98.8,1.8681,4,711,20.1,390.11,18.07,13.6,0.0111809476,0.370881,35.796289,3.48979761,404.01,19.751202495,326.5249
0.11132,0,27.74,0,0.609,5.983,83.5,2.1099,4,711,20.1,396.9,13.35,20.1,0.0123921424,0.370881,35.796289,4.45167801,404.01,19.9223492591,178.2225
0.17331,0,9.69,0,0.585,5.707,54,2.3817,6,391,19.2,396.9,12.01,21.8,0.0300363561,0.342225,32.569849,5.67249489,368.64,19.9223492591,144.2401
0.27957,0,9.69,0,0.585,5.926,42.6,2.3817,6,391,19.2,396.9,13.59,24.5,0.0781593849,0.342225,35.117476,5.67249489,368.64,19.9223492591,184.6881
0.17899,0,9.69,0,0.585,5.67,28.8,2.7986,6,391,19.2,393.29,17.6,23.1,0.0320374201,0.342225,32.1489,7.83216196,368.64,19.8315405352,309.76
0.2896,0,9.69,0,0.585,5.39,72.9,2.7986,6,391,19.2,396.9,21.14,19.7,0.08386816,0.342225,29.0521,7.83216196,368.64,19.9223492591,446.8996
0.26838,0,9.69,0,0.585,5.794,70.6,2.8927,6,391,19.2,396.9,14.1,18.3,0.0720278244,0.342225,33.570436,8.36771329,368.64,19.9223492591,198.81
0.23912,0,9.69,0,0.585,6.019,65.3,2.4091,6,391,19.2,396.9,12.92,21.2,0.0571783744,0.342225,36.228361,5.80376281,368.64,19.9223492591,166.9264
0.17783,0,9.69,0,0.585,5.569,73.5,2.3999,6,391,19.2,395.77,15.1,17.5,0.0316235089,0.342225,31.013761,5.75952001,368.64,19.8939689353,228.01
0.22438,0,9.69,0,0.585,6.027,79.7,2.4982,6,391,19.2,396.9,14.33,16.8,0.0503463844,0.342225,36.324729,6.24100324,368.64,19.9223492591,205.3489
0.06263,0,11.93,0,0.573,6.593,69.1,2.4786,1,273,21,391.99,9.67,22.4,0.0039225169,0.328329,43.467649,6.14345796,441,19.7987373335,93.5089
0.04527,0,11.93,0,0.573,6.12,76.7,2.2875,1,273,21,396.9,9.08,20.6,0.0020493729,0.328329,37.4544,5.23265625,441,19.9223492591,82.4464
0.06076,0,11.93,0,0.573,6.976,91,2.1675,1,273,21,396.9,5.64,23.9,0.0036917776,0.328329,48.664576,4.69805625,441,19.9223492591,31.8096
0.10959,0,11.93,0,0.573,6.794,89.3,2.3889,1,273,21,393.45,6.48,22,0.0120099681,0.328329,46.158436,5.70684321,441,19.8355741031,41.9904
0.04741,0,11.93,0,0.573,6.03,80.8,2.505,1,273,21,396.9,7.88,11.9,0.0022477081,0.328329,36.3609,6.275025,441,19.9223492591,62.0944
